Score,Divisional,Temp,Wind_Binary,Weather_Ord,Total_Weather_Binary ,Weather_Binary,Wthr,Weather_O,Passing 1st,Rushing 1st,1st_Penalties,Total drives,YPP,Passing Yards,Interceptions,Fumbles,Turnovers,Rushing,Rushing Att,YPR,RZ ATT,RZ Conv,Penalties,Yrds lost to penalties,Defensive/Special Teams TDs,Possestion,Pass Att,Pass Completed,Pass TDs,Sacks,Yards lost sacks,Passer rating,Rush TDs,FGM,FGA,XPM,XPA,Punts,Punt yards,3rd dwns Conv,3rd downs Att,4th downs Conv,4th downs Att,Momentum 
10,0,70,0,0,0,0,0,0,10,2,1,9,7.7,185,2,1,3,55,15,3.7,2,1,2,30,0,1196,24,16,1,0,0,68.9,0,1,1,1,1,3,149,3,7,0,0,-1
3,0,65,0,0,0,0,0,0,8,5,2,11,5.9,170,4,1,5,105,13,8.1,2,0,2,15,0,1521,29,19,0,9,45,35.1,0,1,1,0,0,3,150,1,9,0,1,1
20,1,74,0,0,0,0,0,0,12,8,0,11,8.1,282,1,1,2,142,19,7.5,4,3,8,98,0,1778,35,25,1,4,31,89.1,2,0,0,2,2,3,138,3,10,0,3,2
25,0,70,0,0,0,0,0,0,16,9,4,12,9,278,0,2,2,196,40,4.9,4,2,8,56,0,2292,40,27,2,0,0,102,1,0,0,2,2,6,258,5,12,0,0,3
9,0,47,0,0,0,0,0,0,11,5,4,10,5.6,200,0,0,0,132,34,3.9,5,0,9,65,0,1884,36,24,0,3,15,79.1,0,3,3,0,0,4,202,10,19,1,2,-1
29,1,58,0,0,0,0,0,0,13,6,2,9,9.1,272,0,1,1,96,24,4,5,3,8,59,0,1666,30,25,2,1,4,126.1,1,3,3,2,2,2,110,4,9,0,0,1
18,0,66,0,0,0,0,0,0,10,3,4,11,5.6,237,0,0,0,78,17,4.6,1,1,11,74,0,1683,42,25,2,3,13,89.8,0,1,2,1,1,6,305,4,15,1,1,-1
24,0,51,0,0,0,0,0,0,17,5,1,9,7.9,348,0,0,0,54,22,2.5,3,2,6,49,0,2198,44,31,2,1,5,108.4,1,1,1,3,3,3,118,8,15,1,2,1
24,0,48,0,0,0,0,0,0,12,5,2,12,6.7,193,0,1,1,122,38,3.2,3,2,10,61,0,2241,29,24,2,4,15,115.2,0,4,4,0,1,5,242,8,19,1,1,-1
6,1,40,0,0,0,0,0,0,8,3,3,11,4.4,132,2,2,4,63,18,3.5,1,1,5,35,0,1389,30,15,1,6,40,39.9,0,0,0,0,0,6,297,0,11,4,5,-2
17,0,45,0,0,0,0,0,0,14,6,1,10,6.3,271,1,1,2,82,18,4.6,3,2,7,45,0,1479,43,25,1,1,7,74.2,1,1,1,2,2,4,160,6,12,0,1,-1
10,0,47,0,1,0,1,1,1,6,7,1,8,3.9,134,1,0,1,89,20,4.5,2,1,5,48,0,1495,34,21,0,3,28,54.3,1,1,1,1,1,5,275,5,13,1,2,1
22,0,63,0,0,0,0,0,0,10,6,2,12,6.5,215,0,0,0,98,27,3.6,3,1,6,29,0,1984,33,23,0,5,40,82.3,1,5,5,1,1,4,200,4,14,0,0,2
21,1,36,0,0,0,0,0,0,8,7,1,13,8,209,3,1,4,103,24,4.3,2,2,2,20,1,1628,26,16,0,3,18,44.4,2,0,1,3,3,4,176,4,10,0,0,3
14,1,62,0,0,0,0,0,0,9,5,2,9,6.4,173,2,0,2,108,20,5.4,1,1,4,29,0,1313,27,17,1,1,6,61.8,1,0,0,2,2,5,239,4,10,0,0,4
17,0,17,1,3,1,1,4,1,14,6,2,11,5.9,229,1,1,2,106,23,4.6,3,2,6,50,0,1601,39,22,2,1,11,78.8,0,1,1,2,2,4,154,5,11,0,1,5
27,0,25,0,0,0,0,0,0,12,7,2,9,9.3,215,0,1,1,146,24,6.1,4,2,2,15,0,1377,23,17,2,0,0,131.6,1,2,2,3,3,1,49,1,5,0,0,6
34,0,85,0,0,0,0,0,0,10,17,3,10,6.9,229,0,0,0,233,40,5.8,5,4,6,70,0,1961,33,23,1,3,29,95.5,3,2,2,4,4,3,145,9,15,0,1,0
17,1,64,0,0,0,0,0,0,10,10,3,11,5.5,231,1,1,2,88,25,3.5,2,2,5,45,0,1781,42,31,1,4,31,81.4,1,1,1,2,2,4,192,7,15,1,2,1
20,0,86,0,0,0,0,0,0,13,2,1,14,8.1,306,1,2,3,69,20,3.5,4,1,7,46,1,1599,38,23,1,1,12,82.6,0,2,2,2,2,5,234,3,12,0,1,2
48,1,74,0,0,0,0,0,0,14,8,2,12,12.8,320,0,0,0,104,29,3.6,6,5,4,20,0,1822,25,21,4,2,10,157.9,2,2,2,6,6,2,93,5,10,0,0,3
16,0,87,0,0,0,0,0,0,10,3,2,9,6.4,205,0,0,0,85,29,2.9,2,0,6,43,1,2159,32,23,0,7,22,85.8,0,3,4,1,1,4,161,5,17,1,2,-1
21,0,86,1,2,1,1,3,0,13,6,2,11,5.7,224,0,0,0,108,25,4.3,2,2,3,11,1,1844,39,24,1,4,36,82,1,0,1,3,3,4,189,5,14,0,4,1
31,0,55,0,0,0,0,0,0,11,12,3,10,9,279,1,1,2,99,34,2.9,6,4,0,0,0,2203,31,23,2,3,23,106.4,2,1,1,4,4,1,57,4,12,4,4,2
17,1,84,1,2,1,1,3,0,7,6,0,11,5.6,161,1,0,1,77,19,4.1,2,1,7,45,0,1445,29,19,2,3,20,85.6,0,1,1,2,2,5,265,1,9,1,2,-1
21,0,52,1,3,1,1,4,1,17,5,2,11,6.2,323,1,1,2,78,26,3,4,2,3,25,0,2155,30,20,2,2,11,104,0,0,0,3,3,6,302,3,10,0,0,-2
13,0,80,0,0,0,0,0,0,11,6,3,11,6.6,186,0,1,1,117,21,5.6,1,1,6,45,0,1824,41,24,1,2,11,54.9,0,2,2,1,1,6,315,4,14,0,2,-3
13,1,49,0,0,0,0,0,0,9,2,1,10,4.7,179,2,0,2,29,10,2.9,2,1,6,60,1,1459,38,27,1,7,49,62.4,0,0,0,1,2,6,317,5,14,2,3,1
15,0,53,0,0,0,0,0,0,9,2,1,10,5.5,150,2,0,2,29,10,2.9,2,1,6,60,1,1459,23,12,0,3,20,46.8,2,0,1,1,1,5,214,6,14,1,1,2
28,0,72,0,0,0,0,0,0,10,9,1,9,8.6,290,0,0,0,123,34,3.6,3,3,2,15,1,1936,38,23,1,1,7,85.4,2,2,2,2,2,5,244,5,13,0,0,3
0,1,78,1,2,1,1,3,0,9,0,2,11,3.7,136,2,2,4,23,12,1.9,0,0,7,55,0,1419,37,18,0,6,56,32.6,0,0,0,0,0,5,267,5,13,0,2,-1
20,0,77,1,2,1,1,3,0,9,0,2,11,7.9,91,2,2,4,23,12,1.9,0,0,7,55,0,1419,32,20,2,4,11,106.5,0,2,2,2,2,3,178,4,12,2,2,1
56,0,51,0,0,0,0,0,0,16,4,2,9,15.5,293,0,0,0,91,26,3.5,4,1,5,33,0,1738,22,19,6,1,9,158.3,2,0,0,8,8,2,71,4,7,1,1,2
21,1,62,0,0,0,0,0,0,14,11,1,9,9.4,359,2,1,3,128,36,3.6,5,2,6,41,1,2287,38,30,2,3,14,100.1,0,0,0,3,3,1,41,9,15,1,3,-1
26,0,-2,0,0,0,0,0,0,14,8,3,10,6.4,262,0,1,1,147,34,4.3,6,2,5,45,0,2045,41,23,1,0,0,83.6,1,4,4,2,2,3,133,6,15,1,1,-2
25,0,74,0,1,0,1,1,1,8,6,3,13,5.2,170,0,1,1,97,25,3.9,2,1,5,49,1,1848,33,22,1,3,16,87.2,0,4,4,1,2,4,197,4,13,0,1,0
24,1,64,0,0,0,0,0,0,15,6,1,11,8.3,249,1,0,1,145,30,4.8,3,2,6,46,0,1819,30,21,1,1,5,91.5,2,1,3,3,3,3,144,4,10,0,0,-1
10,1,63,0,1,0,1,1,1,6,5,1,13,4.4,157,0,0,0,38,22,1.7,1,1,3,15,0,1688,36,18,0,3,24,59.1,1,1,1,1,1,8,410,2,14,1,2,-2
38,0,90,0,0,0,0,0,0,15,6,1,10,7.8,281,0,0,0,124,30,4.1,4,1,5,32,2,2109,36,30,1,3,28,105.2,1,3,3,3,3,2,112,8,15,0,1,1
34,0,61,1,2,1,1,3,0,11,6,0,14,7,183,0,0,0,136,42,3.2,4,3,12,86,1,2374,26,18,2,2,15,112.3,1,2,2,4,4,7,307,5,15,0,0,-1
21,0,77,0,0,0,0,0,0,12,4,3,9,8.3,264,1,0,1,84,33,2.5,6,1,6,42,0,1932,32,20,1,0,0,85.9,0,4,4,1,1,2,103,8,16,0,0,-2
25,1,58,0,0,0,0,0,0,14,7,3,10,6.5,265,1,1,2,81,24,3.4,4,2,9,46,0,1934,41,27,2,1,7,89.3,1,1,2,2,2,1,55,5,12,2,3,-3
31,1,84,1,2,1,1,3,0,17,5,2,11,7.2,324,1,1,2,78,26,3,4,2,3,25,0,2155,45,30,3,2,12,99.5,1,1,1,4,4,3,146,5,14,3,3,1
20,0,62,0,0,0,0,0,0,14,8,1,12,7.2,325,1,1,2,124,29,4.3,4,1,4,30,0,2230,45,29,1,3,17,82.5,1,2,2,2,2,5,239,9,17,0,0,-1
10,0,46,0,0,0,0,0,0,8,4,2,10,6.9,194,1,0,1,70,26,2.7,1,1,4,34,0,1535,28,18,0,0,0,69.6,1,1,2,1,1,5,224,5,13,2,2,-2
10,0,47,0,0,0,0,0,0,7,3,0,12,7.6,191,0,1,1,58,19,3.1,2,1,4,37,0,1554,25,17,1,6,29,99.1,0,1,1,1,1,8,363,4,13,0,0,-3
6,0,47,0,1,0,1,1,1,8,5,0,11,5.7,212,0,0,0,29,24,1.2,0,0,4,20,0,1730,37,22,0,0,0,75.5,0,2,2,0,0,8,367,5,15,0,0,-4
18,0,44,0,0,0,0,0,0,10,5,3,14,5.3,190,1,0,1,82,28,2.9,2,1,1,5,0,1939,36,22,1,2,8,71.8,1,1,1,1,1,6,267,3,14,1,3,-5
27,0,53,0,0,0,0,0,0,15,2,2,13,8.1,309,2,0,2,43,20,2.2,5,3,2,15,0,1874,38,28,3,3,26,98.9,0,2,3,3,3,4,196,5,13,0,1,1
23,0,27,0,0,0,0,0,0,10,9,0,15,6.4,238,0,2,2,83,23,3.6,3,2,2,25,0,1878,37,25,2,5,45,98.1,1,0,1,1,1,7,301,4,13,1,2,-1
27,1,36,0,0,0,0,0,0,8,10,1,12,5.6,169,1,0,1,127,37,3.4,5,2,5,32,1,1972,30,15,0,1,15,51.3,2,2,2,3,3,6,289,7,15,0,0,1
17,1,35,1,3,1,1,2,1,3,9,1,14,3.5,70,0,1,1,185,42,4.4,2,0,1,5,0,2022,20,8,0,1,1,49.8,1,3,4,0,0,7,322,3,15,0,1,-1
30,0,86,0,0,0,0,0,0,16,8,2,12,6.7,255,0,0,0,134,44,3,6,2,6,38,0,2535,38,31,2,1,7,111.4,0,5,5,1,1,3,155,9,18,0,0,1
15,1,63,0,1,0,1,1,1,9,8,0,13,6.9,201,0,0,0,157,40,3.9,0,0,6,43,0,1912,29,15,1,0,0,85.6,0,2,4,1,1,8,322,8,19,0,0,-1
23,0,72,0,0,0,0,0,0,9,11,4,11,6.8,203,2,0,2,204,35,5.8,4,0,5,46,0,1929,30,18,1,1,6,62.8,1,3,3,2,2,2,98,7,12,0,0,-2
21,0,73,0,0,0,0,0,0,10,5,3,12,6.3,196,0,3,3,139,22,6.3,4,2,4,31,0,1524,31,20,2,4,27,100.1,0,2,2,1,1,4,181,4,10,0,0,-3
14,0,58,0,0,0,0,0,0,16,6,2,10,6.2,280,3,1,4,80,22,3.6,3,2,5,46,0,1844,45,28,1,2,12,58.4,1,0,1,2,2,2,81,7,14,1,2,1
27,0,50,0,0,0,0,0,0,7,5,2,13,4.5,136,0,0,0,84,21,4,2,2,4,39,1,1533,30,16,0,5,29,61.4,2,2,2,3,3,8,364,7,16,0,0,3
16,0,67,0,0,0,0,0,0,7,7,1,11,5.7,153,1,1,2,148,32,4.6,1,1,3,25,0,1818,27,16,1,3,27,67.8,0,3,3,1,1,5,253,5,15,2,2,-1
32,1,40,0,0,0,0,0,0,10,9,3,12,8.6,275,1,0,1,130,38,3.4,4,1,8,77,0,2211,32,20,3,1,12,106.6,0,4,4,2,3,3,104,5,13,1,1,-2
34,1,49,0,0,0,0,0,0,10,2,0,13,8.1,275,3,0,3,36,16,2.3,1,0,5,41,0,1665,30,21,1,2,15,75.4,2,2,2,4,4,1,40,11,16,0,1,-3
13,0,49,0,1,0,1,1,1,9,3,3,14,4.5,121,0,0,0,90,34,2.6,1,0,6,55,0,1774,27,12,1,3,17,67.5,0,2,2,1,1,9,433,4,14,0,0,-4
6,0,54,0,1,0,1,1,1,4,4,2,13,3.4,95,0,0,0,81,19,4.3,1,1,4,35,0,1375,28,11,0,5,41,47.3,1,0,0,0,1,8,405,1,12,0,3,-5
30,1,78,1,2,1,1,3,0,9,10,1,12,8.8,223,0,1,1,158,31,5.1,5,2,7,61,1,1944,26,23,1,3,15,113.6,2,3,3,3,3,4,143,6,15,2,2,1
28,0,45,0,0,0,0,0,0,7,7,4,15,4.5,156,2,1,3,102,22,4.6,4,4,8,68,0,1424,35,16,1,1,13,42.9,3,0,0,4,4,8,294,3,12,1,1,-1
37,0,39,0,1,0,1,1,1,9,9,2,12,10.7,309,1,2,3,127,28,4.5,5,3,4,26,1,1689,29,19,3,1,8,120,1,1,1,4,5,3,155,5,10,0,1,1
3,1,35,1,3,1,1,4,1,3,3,0,15,2.9,88,2,0,2,88,21,4.2,1,0,4,35,0,1578,30,12,0,7,57,20.1,0,1,1,0,0,9,422,1,14,0,3,-1
9,0,78,0,1,0,1,1,1,13,1,4,12,5.5,242,0,1,1,72,23,3.1,2,0,9,88,0,1745,44,28,0,5,46,73.7,0,3,3,0,0,4,176,7,18,1,4,0
24,1,66,0,0,0,0,0,0,13,4,2,7,5.4,222,1,0,1,66,15,4.4,4,2,5,30,1,1616,41,27,2,1,6,85,0,1,1,3,3,3,120,10,15,1,1,1
3,1,72,0,0,0,0,0,0,6,5,2,13,3.4,121,3,0,3,93,25,3.7,2,0,7,42,0,1810,36,19,0,4,48,23.8,0,1,1,0,0,8,373,4,16,1,1,-1
17,1,50,1,2,1,1,3,0,11,6,0,12,7,224,0,1,1,87,30,2.9,2,0,3,30,0,1786,32,18,1,3,22,85.7,0,3,3,0,0,6,257,6,15,0,0,1
16,0,52,0,0,0,0,0,0,4,5,8,10,7.1,150,1,1,2,129,19,6.8,4,1,6,45,0,1458,21,12,0,6,46,50.5,1,3,3,1,1,5,263,1,9,0,0,-1
6,0,62,1,2,1,1,3,0,13,4,1,10,5.4,284,1,0,1,84,14,6,1,0,5,57,0,1778,53,33,0,5,31,66,1,0,0,0,0,4,184,5,16,2,6,1
24,0,75,0,0,0,0,0,0,12,7,3,13,5.6,208,2,0,2,129,32,4,3,3,6,70,0,1821,37,25,2,2,27,74.3,1,1,1,1,1,4,207,5,12,0,2,2
3,0,74,0,0,0,0,0,0,5,1,0,13,5.6,157,1,1,2,28,15,1.9,1,0,5,29,0,1196,28,13,0,4,34,44.2,0,1,1,0,0,7,320,1,12,0,1,3
33,1,49,0,0,0,0,0,0,10,12,2,10,6.1,213,1,1,2,178,36,4.9,5,2,10,55,1,2055,35,20,1,4,18,70.5,1,4,4,1,2,2,89,8,16,1,2,4
20,1,56,0,0,0,0,0,0,10,6,4,11,5.5,169,0,0,0,136,23,5.9,3,2,9,78,0,1763,31,19,2,5,33,92.9,0,2,3,2,2,5,217,2,11,1,1,-1
10,0,66,0,0,0,0,0,0,11,5,0,11,4.9,217,1,3,4,86,19,4.5,3,1,5,41,0,1597,44,29,1,3,24,73.4,0,1,1,1,1,3,156,7,15,1,3,1
7,0,59,1,2,1,1,3,0,9,6,1,10,7.1,284,0,2,2,75,17,4.4,3,0,6,47,0,1541,24,14,1,3,26,72.4,1,3,3,2,2,3,129,5,12,1,1,3
19,0,57,0,0,0,0,0,0,14,5,2,11,7.3,336,5,0,5,121,18,6.7,4,2,10,102,0,1726,46,26,1,4,28,44.7,1,1,1,2,2,2,112,6,14,1,3,4
19,0,51,0,0,0,0,0,0,9,7,3,9,6.2,258,0,1,1,97,25,3.9,3,1,6,38,0,1862,38,22,2,3,16,70.2,0,2,2,1,1,3,158,6,15,2,4,5
17,1,39,1,3,1,1,4,1,8,8,0,12,7.6,152,0,2,2,155,39,4,2,1,4,25,0,2094,20,18,1,3,18,111.2,1,1,1,2,2,6,250,6,15,0,0,-1
10,0,27,1,2,1,1,3,0,8,1,1,10,5.3,175,0,0,0,38,14,2.7,0,0,11,70,1,1345,33,19,0,0,0,72.2,0,1,2,1,1,5,217,4,12,0,1,-2
17,0,49,0,1,0,1,1,1,12,5,5,11,6.2,241,0,0,0,89,32,2.8,3,2,3,30,0,2250,39,30,1,2,11,99.3,1,1,1,2,2,6,279,8,18,1,2,1
24,1,68,0,1,0,1,1,1,9,12,0,14,5.3,154,1,1,2,206,40,5.2,3,2,5,43,0,2150,29,16,1,3,10,65.9,1,3,3,1,1,7,331,4,14,0,0,0
27,1,66,0,0,0,0,0,0,12,11,3,9,7.2,237,0,0,0,178,37,4.8,4,3,6,56,0,1984,33,24,2,0,0,112.8,1,2,3,3,3,2,117,9,14,0,0,-1
16,0,68,0,0,0,0,0,0,12,2,1,12,8.2,269,2,0,2,71,13,5.5,4,1,4,28,0,1440,33,18,1,6,48,60.3,0,3,3,1,1,6,306,1,11,1,1,-2
27,0,73,0,0,0,0,0,0,11,9,3,9,9.3,242,1,0,1,173,33,5.2,4,2,5,27,0,2085,26,19,2,3,15,109,1,2,2,3,3,2,93,8,13,1,1,1
20,0,97,0,0,0,0,0,0,10,5,0,13,5.2,166,2,1,3,142,22,6.5,3,2,2,16,0,1310,32,15,2,3,14,55.7,1,0,0,2,3,4,219,4,11,0,3,-1
13,0,56,0,0,0,0,0,0,13,6,5,11,8,326,2,0,2,87,25,3.5,5,1,7,64,0,2041,41,27,0,4,29,66.8,1,2,2,1,1,3,115,5,12,0,2,1
17,0,73,0,0,0,0,0,0,15,8,1,11,11.8,365,2,1,3,113,23,4.9,4,2,5,54,0,1717,31,22,1,2,18,91.7,1,1,1,2,2,3,151,5,9,0,0,2
18,0,51,0,0,0,0,0,0,11,9,1,9,6.8,258,1,1,2,68,16,4.3,3,2,5,49,0,1402,38,26,1,1,9,84.2,1,1,1,1,1,3,127,7,12,0,0,3
30,0,54,0,0,0,0,0,0,16,10,2,13,9.1,356,1,2,3,188,34,5.5,5,3,7,50,0,1890,39,23,1,1,0,87.1,2,3,3,3,3,4,169,4,13,0,1,-1
34,1,56,0,0,0,0,0,0,9,10,3,11,10.2,264,0,0,0,157,31,5.1,4,3,9,110,0,1837,26,16,2,3,16,118.7,2,2,2,4,4,4,182,6,12,0,0,-2
16,1,47,0,1,0,1,1,1,15,6,1,10,8.4,278,0,1,1,153,33,4.6,4,1,5,55,0,2237,33,24,0,2,10,96.5,1,3,3,1,1,4,172,8,17,0,0,1
14,0,40,0,0,0,0,0,0,14,4,1,10,6.2,240,1,1,2,46,18,2.6,3,1,9,66,1,1688,39,26,1,3,14,79.6,0,0,1,0,1,4,194,3,11,1,2,1
31,1,52,0,0,0,0,0,0,7,9,0,11,10.7,290,0,0,0,113,30,3.8,3,2,2,15,0,1691,27,17,2,1,6,123.1,2,2,2,4,4,5,194,7,14,0,0,3
25,0,35,0,0,0,0,0,0,10,4,1,10,8.4,245,0,1,1,132,22,6,3,1,3,39,0,1543,29,21,1,2,4,108.5,0,6,6,1,1,1,57,3,12,1,1,-1
14,1,37,1,2,1,1,3,0,8,5,0,13,6.4,166,2,0,2,104,24,4.3,0,0,7,35,0,1454,26,13,2,3,26,59.8,0,0,0,2,2,7,335,2,11,1,1,-2
3,1,68,0,1,0,1,1,1,3,2,1,15,2.6,82,0,0,0,75,20,3.8,0,0,4,20,0,1450,32,14,0,2,15,51,0,1,2,0,0,10,409,2,15,0,1,0
26,1,63,0,0,0,0,0,0,6,3,0,14,7.4,222,1,1,2,55,21,2.6,0,0,5,31,2,1472,30,15,1,2,22,68.8,0,2,2,2,2,7,320,4,14,0,0,1
3,0,68,0,0,0,0,0,0,5,0,1,10,4.2,104,0,0,0,26,15,1.7,2,0,8,80,0,1291,25,13,0,5,36,57.9,0,1,1,0,0,7,374,2,12,1,1,-1
28,1,72,0,0,0,0,0,0,8,7,1,12,9.8,186,0,1,1,131,33,4,4,4,8,92,0,1790,19,15,2,3,21,137.9,2,0,0,4,4,7,334,4,12,1,1,1
17,0,55,1,2,1,1,3,0,5,6,4,13,4.6,125,1,0,1,108,25,4.3,3,2,12,105,0,1617,27,12,1,3,18,52.5,1,1,3,2,2,6,314,3,12,0,0,-1
38,0,51,0,0,0,0,0,0,11,8,1,16,13.3,305,1,3,4,168,40,4.2,4,3,8,67,0,1951,23,15,2,4,17,119.4,3,1,2,5,5,5,260,7,15,0,0,1
24,0,50,0,0,0,0,0,0,12,5,0,12,6.9,254,2,0,2,114,17,6.7,5,3,7,43,0,1400,37,23,2,1,6,77.3,1,1,1,3,3,5,274,4,12,1,1,2
0,0,56,0,0,0,0,0,0,3,3,1,14,2.9,58,2,1,3,41,21,2,0,0,4,40,0,1415,20,11,0,7,41,20.8,0,0,0,0,0,9,460,1,12,0,1,-1
31,1,49,0,0,0,0,0,0,9,3,5,10,9.7,223,2,0,2,106,24,4.4,2,1,7,64,1,1545,23,13,1,3,23,63.7,2,1,2,4,4,3,161,2,8,0,0,1
10,1,50,1,2,1,1,3,0,4,8,0,13,3.8,106,0,0,0,172,26,6.6,1,0,6,46,0,1713,28,15,0,3,29,59.2,1,1,1,1,1,9,355,3,14,1,1,2
29,0,37,0,0,0,0,0,0,5,10,2,12,6.1,134,0,1,1,169,39,4.3,5,3,8,71,0,1968,22,13,1,1,9,90.2,2,2,2,3,3,5,226,6,14,0,1,3
36,0,67,0,0,0,0,0,0,10,6,4,13,7.5,279,0,0,0,120,25,4.8,4,3,7,45,0,1557,37,22,3,0,0,110.1,1,2,3,4,4,5,293,4,12,0,0,-1
27,0,41,0,0,0,0,0,0,16,2,2,17,6.9,239,3,1,4,58,20,2.9,4,4,7,40,0,1691,45,26,3,1,4,91.6,1,1,1,4,4,8,412,4,18,3,3,-2
17,0,46,1,3,1,1,4,1,6,5,1,15,4.2,166,2,1,3,88,27,3.3,1,1,4,19,1,1740,40,19,1,3,18,44.6,0,1,1,2,2,10,448,4,18,0,2,1
22,0,64,0,0,0,0,0,0,13,3,4,13,4.3,211,2,0,2,72,16,4.5,2,2,10,76,1,1586,49,26,2,3,33,58,0,0,0,2,2,6,266,5,15,1,3,2
20,0,39,0,1,0,1,1,1,10,6,1,13,5.8,261,1,1,2,107,21,5.1,1,0,12,74,1,1911,45,32,1,2,8,82.9,0,2,3,2,2,5,213,6,16,1,2,3
31,1,37,1,2,1,1,3,0,10,10,2,12,6.3,176,1,0,1,183,30,6.1,4,4,1,10,0,2146,28,21,3,3,31,107,1,1,1,4,4,6,274,3,12,0,0,4
45,0,64,0,0,0,0,0,0,10,3,1,10,12.7,280,0,0,0,76,22,3.5,3,2,3,20,2,1474,22,17,3,0,0,158.1,1,1,1,6,6,4,184,2,8,0,0,2
30,0,69,0,0,0,0,0,0,13,8,1,12,7.6,220,0,1,1,188,34,5.5,3,2,11,85,0,2243,29,19,2,3,17,108.8,1,3,3,3,3,3,134,6,13,1,1,-1
22,1,63,0,0,0,0,0,0,12,7,1,15,5.9,235,1,3,4,198,35,5.7,3,2,8,81,0,2128,40,22,1,6,25,67.7,1,2,3,0,0,5,238,5,16,0,2,0
18,0,87,0,0,0,0,0,0,12,4,3,12,7.4,324,3,0,3,69,19,3.6,2,1,7,60,0,1797,44,28,2,4,31,69.6,0,1,1,1,1,5,262,4,13,1,2,-1
30,0,90,0,0,0,0,0,0,14,9,1,10,10.1,312,0,0,0,139,38,3.7,3,2,8,63,0,1955,31,17,3,0,0,122,0,3,3,3,3,3,114,6,12,0,1,1
10,1,50,1,2,1,1,3,0,11,7,1,12,6.2,236,1,2,3,125,25,5,3,1,2,20,0,1814,38,22,0,4,26,62.4,1,1,1,1,1,5,154,5,14,0,2,2
17,0,73,0,0,0,0,0,0,8,8,3,10,8,231,1,0,1,135,31,4.4,1,1,5,40,0,1544,29,14,1,2,12,70.9,1,1,3,0,1,4,208,9,16,0,0,-1
20,0,55,0,0,0,0,0,0,11,6,3,11,4.9,291,1,2,3,106,30,3.5,3,0,6,72,0,1869,43,25,1,3,20,57.4,0,1,2,1,1,6,257,3,12,0,2,1
16,0,42,0,0,0,0,0,0,12,5,6,9,6.7,262,1,0,1,105,25,4.2,4,1,7,51,0,1767,39,22,0,4,27,63.5,1,3,3,1,1,3,171,3,13,1,2,2
19,0,49,0,0,0,0,0,0,13,3,1,11,7.2,289,2,0,2,116,24,4.8,5,1,5,32,0,1757,40,21,2,1,6,71.1,0,2,2,1,2,4,179,8,16,2,2,-1
13,1,50,1,2,1,1,3,0,10,7,3,12,3.8,165,1,0,1,96,29,3.3,3,1,1,10,0,1887,43,24,0,1,2,54.7,1,2,2,1,1,8,380,4,17,1,1,1
10,1,47,0,1,0,1,1,1,9,0,1,10,8.7,227,1,0,1,25,11,2.3,2,1,5,36,0,1363,26,19,1,4,30,91.3,0,1,1,1,1,6,251,2,10,0,0,2
24,0,58,0,0,0,0,0,0,7,8,3,10,6.3,145,0,0,0,150,38,3.9,3,3,6,51,0,1600,23,13,1,2,13,87.6,2,1,1,3,3,5,252,10,17,0,0,-1
21,0,44,0,0,0,0,0,0,11,3,0,13,8.6,240,1,0,1,81,25,3.2,2,2,7,59,0,1661,28,19,3,2,18,112.5,0,0,0,3,3,9,395,4,13,0,0,1
30,0,52,0,0,0,0,0,0,8,9,2,11,7.7,215,0,0,0,170,34,5,6,3,2,10,0,1347,28,18,3,3,13,121.4,0,3,5,3,3,2,57,6,15,1,2,-1
11,1,52,0,0,0,0,0,0,13,3,1,11,8,335,3,0,3,59,16,3.7,3,0,3,20,0,1909,42,28,1,3,26,66.5,0,1,1,0,0,3,132,6,13,0,2,-2
23,0,51,0,1,0,1,1,1,13,4,0,9,8.8,290,0,1,1,88,15,5.9,3,2,4,25,0,1347,33,23,1,1,9,105.7,1,3,3,2,2,3,159,3,9,0,0,-3
10,1,39,1,3,1,1,4,1,9,4,0,12,5.2,146,0,2,2,106,25,4.2,1,0,3,26,0,1506,28,15,1,4,28,76.2,0,1,1,1,1,7,377,4,13,1,1,1
31,0,17,1,3,1,1,4,1,11,11,2,11,6.8,203,0,0,0,179,34,5.3,3,2,2,24,0,1999,30,21,3,2,14,120,1,1,3,4,4,3,144,5,12,1,1,2
25,0,78,0,1,0,1,1,1,8,7,3,11,7.7,169,1,1,2,110,32,3.4,5,3,13,106,0,1855,22,17,0,4,14,76.9,3,1,1,2,2,5,249,8,15,0,0,3
31,1,88,0,0,0,0,0,0,13,6,0,10,6.9,227,0,0,0,126,23,5.5,4,4,8,42,0,1502,33,25,1,0,0,104,3,1,1,4,4,5,220,6,12,0,0,0
17,1,84,0,0,0,0,0,0,13,8,1,11,9.3,288,1,1,2,116,27,4.3,2,1,6,49,0,1923,30,20,2,0,0,118.7,1,3,3,4,4,4,173,9,15,0,0,-1
6,0,90,0,0,0,0,0,0,4,7,1,10,4.7,132,1,0,1,114,25,4.6,2,0,2,18,0,1645,28,18,0,3,21,57.3,0,2,2,0,0,5,238,6,14,0,1,-2
21,0,63,0,0,0,0,0,0,18,8,0,12,9.2,351,0,2,2,96,36,2.7,4,2,7,55,0,2132,38,29,1,0,0,112.9,1,2,2,1,1,5,200,7,14,0,0,1
13,0,69,0,0,0,0,0,0,13,9,2,10,7,357,1,1,2,89,25,3.6,3,0,7,83,0,1893,51,33,1,2,16,82.2,0,2,4,1,1,3,126,6,15,0,2,2
15,0,80,1,2,1,1,3,0,11,3,6,10,7.6,235,0,0,0,44,24,1.8,4,1,3,20,0,1829,31,22,1,6,55,96.2,0,3,3,0,1,4,203,5,14,1,2,-1
37,0,79,0,0,0,0,0,0,10,8,3,12,8.8,265,0,1,1,81,31,2.6,5,4,9,90,0,1880,30,21,2,2,14,117.5,2,3,3,4,4,4,202,3,13,2,2,1
27,0,54,0,0,0,0,0,0,11,5,4,13,8.7,347,2,0,2,66,16,4.1,3,1,4,63,0,1710,40,27,2,4,33,86.9,1,2,2,3,3,5,259,6,14,1,1,-1
16,0,72,0,0,0,0,0,0,11,7,2,10,7.1,214,1,1,2,123,25,4.9,1,1,5,50,0,1725,30,20,1,3,18,82.1,1,1,1,1,1,2,107,3,10,1,4,1
24,1,63,0,0,0,0,0,0,13,5,4,11,8.4,407,1,0,1,81,30,2.7,3,2,6,35,0,2034,36,26,2,4,43,111,1,0,2,3,3,4,192,6,13,0,1,2
17,0,70,0,0,0,0,0,0,5,9,2,13,7.2,186,3,0,3,118,30,3.9,3,1,2,8,0,1616,26,15,1,3,22,49.7,1,1,1,2,2,6,266,0,11,3,3,3
30,0,54,0,1,0,1,1,1,15,4,1,13,8.4,301,0,1,1,79,26,3,3,3,8,52,0,2225,36,27,2,4,33,114.1,1,3,3,3,3,5,238,6,15,1,1,-1
36,0,64,0,0,0,0,0,0,19,4,3,13,8.5,374,2,0,2,54,30,1.8,6,4,9,55,0,2014,44,28,3,1,10,93.4,2,0,0,2,2,3,148,6,16,4,6,-1
3,1,71,0,0,0,0,0,0,7,3,1,10,7.1,184,0,1,1,53,21,2.5,1,0,3,15,0,1609,26,18,0,6,50,81.2,0,1,1,0,0,5,248,1,12,2,4,1
19,1,34,0,0,0,0,0,0,6,11,4,12,5.9,141,0,1,1,227,37,6.1,3,0,3,14,0,1842,24,13,0,1,8,70.3,1,3,4,0,0,4,216,1,11,0,1,-1
14,0,64,0,0,0,0,0,0,14,4,0,12,6.7,307,2,0,2,56,20,2.8,2,2,4,32,0,2126,46,34,1,4,39,77.1,1,0,0,2,2,4,176,7,15,0,4,1
34,0,27,1,2,1,1,3,0,10,12,0,10,6.9,152,0,0,0,229,42,5.5,5,4,3,15,0,2255,22,16,2,3,29,116.3,2,2,2,4,4,4,169,4,12,2,2,2
31,1,72,0,0,0,0,0,0,10,9,1,15,5.7,245,1,1,2,105,35,3,3,3,4,45,0,2017,39,24,1,4,8,74.2,1,0,0,3,3,5,208,2,12,1,5,3
20,1,88,0,0,0,0,0,0,18,3,3,11,8.2,384,0,1,1,52,26,2,4,1,3,20,0,2098,47,30,2,6,47,99.3,0,2,3,2,2,3,127,9,19,2,2,0
16,1,53,0,0,0,0,0,0,14,4,1,8,7.5,264,1,0,1,89,22,4,4,1,4,58,0,1737,35,23,0,1,5,75.8,1,3,3,1,1,1,43,5,12,1,2,2
37,1,74,1,2,1,1,3,0,6,7,4,14,6,167,1,0,1,85,29,2.9,3,2,5,25,0,1721,55,33,1,3,19,58.9,1,2,2,2,2,3,143,6,17,3,6,-1
39,0,51,0,0,0,0,0,0,9,6,3,16,4.9,183,2,0,2,150,33,4.5,2,2,4,20,1,1649,37,16,0,2,17,34.3,3,4,4,3,3,5,272,4,16,1,2,1
38,0,51,0,0,0,0,0,0,12,10,2,12,12.2,354,0,1,1,161,36,4.5,4,3,8,73,0,1809,29,20,2,1,4,132.8,3,1,1,5,5,4,158,6,12,0,0,-1
13,0,76,0,0,0,0,0,0,7,10,0,12,4.4,173,3,0,3,138,28,4.9,2,1,10,81,0,1869,39,24,1,4,36,44.5,0,2,2,1,1,4,174,7,16,2,3,-2
6,0,46,0,0,0,0,0,0,9,11,1,10,7.2,195,2,0,2,167,36,4.6,4,0,5,34,0,2065,27,18,0,5,22,53.5,0,2,3,0,0,4,250,6,14,1,1,-3
20,0,38,0,0,0,0,0,0,9,6,2,10,6.4,199,1,1,2,125,19,6.6,3,1,4,24,0,1719,31,20,2,6,26,87.2,0,2,2,2,2,4,208,5,13,1,1,1
34,0,40,0,0,0,0,0,0,11,5,3,11,11,274,1,0,1,111,32,3.5,5,3,5,40,0,1912,25,19,2,0,0,121.1,2,2,2,4,4,4,147,3,11,1,1,3
13,0,52,0,0,0,0,0,0,9,3,1,12,6.6,172,2,1,3,74,24,3.1,2,2,8,101,0,2253,26,18,1,4,30,63.3,1,0,0,1,2,4,160,4,12,2,3,4
29,0,62,0,0,0,0,0,0,14,8,1,10,6.9,229,0,0,0,177,30,5.9,3,0,4,35,0,1764,33,23,1,1,0,99.2,1,5,5,2,2,3,134,5,13,1,1,-1
20,0,43,0,0,0,0,0,0,19,4,3,9,6.4,299,0,0,0,84,25,3.4,3,2,7,54,0,2024,47,30,2,2,13,94.8,0,2,2,2,2,5,187,5,15,2,2,1
23,1,34,0,0,0,0,0,0,10,5,1,11,10.2,264,0,0,0,60,28,2.1,2,2,11,69,0,1758,26,20,2,2,18,131.2,1,1,1,2,3,6,298,5,13,0,1,-1
21,1,72,0,0,0,0,0,0,12,4,2,14,5.7,223,1,2,3,65,26,2.5,3,1,4,35,1,1583,39,24,1,4,8,74.2,1,0,0,3,3,5,208,2,12,1,5,1
17,0,86,0,0,0,0,0,0,12,7,0,10,7.4,305,1,2,3,101,22,4.6,4,2,12,94,0,1909,41,29,2,1,7,97.4,0,1,1,2,2,4,193,4,13,2,2,0
37,1,84,0,0,0,0,0,0,11,4,0,11,9.3,280,0,0,0,86,26,3.3,5,2,8,75,1,1677,30,20,2,0,0,118.7,1,3,3,4,4,4,173,9,15,0,0,1
7,0,70,0,0,0,0,0,0,11,6,0,10,6.2,191,2,1,3,127,22,5.8,2,1,3,50,0,1629,31,19,1,4,31,58.5,0,0,0,1,1,5,271,6,12,0,1,-1
20,0,70,0,0,0,0,0,0,13,3,2,12,9,359,1,1,2,29,14,2.1,3,3,11,109,0,1308,40,27,2,0,0,102,1,0,0,2,2,6,258,5,12,0,0,-2
20,1,74,1,2,1,1,3,0,14,4,0,13,6,329,3,1,4,44,17,2.6,4,2,6,46,0,1879,55,33,1,3,19,58.9,1,2,2,2,2,3,143,6,17,3,6,1
24,0,77,0,0,0,0,0,0,15,8,2,14,5.5,301,1,0,1,112,31,3.6,5,2,3,34,0,2170,55,33,1,1,6,72.9,1,3,4,1,1,4,169,3,18,4,6,2
10,0,55,0,0,0,0,0,0,12,4,1,12,4.9,211,2,0,2,70,18,3.9,1,0,6,52,0,1731,43,25,1,3,20,57.4,0,1,2,1,1,6,257,3,12,0,2,3
34,0,62,0,0,0,0,0,0,11,8,1,11,10.8,302,0,0,0,144,30,4.8,4,1,7,90,0,1991,28,20,3,2,9,140.9,1,2,2,4,4,3,141,4,12,1,2,4
14,1,76,0,0,0,0,0,0,6,4,2,9,9.3,158,0,2,2,92,19,4.8,1,1,7,66,0,1414,17,13,2,2,15,140.1,0,0,0,2,2,4,214,2,7,1,1,5
21,1,63,0,0,0,0,0,0,12,6,1,10,8.4,304,0,0,0,91,18,5.1,3,3,7,49,0,1566,36,26,2,4,43,111,1,0,2,3,3,4,192,6,13,0,1,-1
31,0,41,0,0,0,0,0,0,11,5,0,17,6.9,311,1,2,3,82,28,2.9,1,1,8,75,0,1909,45,26,3,1,4,91.6,1,1,1,4,4,8,412,4,18,3,3,2
23,0,59,1,2,1,1,3,0,9,14,2,10,7.1,171,1,0,1,251,42,6,5,2,6,54,0,2059,24,14,1,3,26,72.4,1,3,3,2,2,3,129,5,12,1,1,-1
30,0,72,0,0,0,0,0,0,17,4,1,11,8.1,283,0,0,0,70,36,1.9,5,2,6,44,0,2227,35,26,2,2,18,114.6,1,3,3,3,3,2,101,10,19,1,2,-2
0,0,60,0,0,0,0,0,0,5,2,0,10,3.5,112,1,0,1,57,15,3.8,0,0,3,24,0,1591,32,19,0,6,45,51,0,0,0,0,0,6,297,1,13,3,6,-3
28,1,43,0,0,0,0,0,0,10,8,1,10,6.2,168,1,0,1,175,26,6.7,3,3,5,29,0,1663,27,17,2,2,16,87.3,2,0,0,4,4,3,144,6,11,0,1,-4
16,0,88,0,0,0,0,0,0,12,2,1,12,9.2,305,1,1,2,69,27,2.6,4,1,7,45,0,1720,33,23,1,4,23,93.2,0,3,3,1,1,5,241,7,16,0,0,1
27,0,68,0,0,0,0,0,0,12,7,4,9,8.8,289,0,1,1,78,31,2.5,2,2,5,46,0,2309,33,27,2,3,26,120.1,1,2,2,3,3,3,139,6,13,1,1,-1
3,0,73,0,0,0,0,0,0,8,5,1,9,5.5,165,0,1,1,72,18,4,1,0,5,40,0,1515,30,20,0,3,26,76.9,0,1,1,0,0,5,257,2,9,0,1,1
23,1,53,0,0,0,0,0,0,12,7,2,8,9.7,253,0,0,0,193,34,5.7,5,1,8,55,0,1863,26,20,0,1,17,104,2,3,3,2,2,1,50,8,13,0,1,-1
24,0,52,0,0,0,0,0,0,9,9,2,12,7.4,223,1,0,1,139,39,3.6,6,1,9,88,0,2142,30,21,1,1,2,88.3,0,6,6,0,1,3,146,8,16,0,0,1
23,0,75,0,0,0,0,0,0,12,4,1,14,7.2,246,0,1,1,140,26,5.4,3,2,3,15,0,1621,34,20,1,6,44,85.7,1,3,3,2,2,6,305,4,15,1,2,-1
20,0,42,0,0,0,0,0,0,9,10,3,9,5.3,160,0,0,0,166,30,5.5,4,2,10,80,0,1833,30,19,1,0,0,88.2,1,2,2,2,2,4,200,6,12,0,0,-2
20,0,84,0,0,0,0,0,0,12,4,3,11,9.6,278,1,0,1,77,29,2.7,2,0,7,50,0,1900,29,18,2,3,15,100.2,0,2,2,2,2,5,171,7,15,0,0,1
34,1,76,0,0,0,0,0,0,13,8,3,9,9.3,276,0,0,0,128,36,3.6,5,3,4,29,0,2186,17,13,2,2,15,140.1,0,0,0,2,2,4,214,2,7,1,1,-1
10,0,52,0,0,0,0,0,0,7,8,4,10,6.3,194,0,1,1,96,32,3,1,1,4,35,0,2029,31,18,0,4,32,72.2,1,1,1,1,1,6,282,6,16,2,3,-2
27,0,72,0,0,0,0,0,0,5,6,0,11,7.3,139,1,0,1,138,28,4.9,2,2,3,31,0,1664,33,23,0,5,32,86.4,2,2,3,3,3,5,235,4,13,0,1,1
20,0,66,0,0,0,0,0,0,14,3,4,7,6.3,227,0,0,0,58,20,2.9,4,2,6,47,0,1569,36,25,2,3,12,103.4,0,2,2,2,2,3,134,7,13,0,0,1
26,1,71,0,0,0,0,0,0,12,7,1,8,6.7,213,0,0,0,111,28,4,3,1,1,6,1,1991,32,24,1,1,12,101.2,0,4,4,2,2,3,155,3,11,0,0,-1
20,1,43,0,0,0,0,0,0,12,5,3,10,6.2,296,2,0,2,82,23,3.6,3,1,6,40,0,1937,27,17,2,2,16,87.3,2,0,0,4,4,3,144,6,11,0,1,-2
17,1,64,1,2,1,1,3,0,11,5,6,7,7.7,200,1,0,1,61,29,2.1,4,2,10,97,0,1672,26,20,2,0,0,107.9,0,1,1,2,2,1,49,5,11,1,1,-3
35,0,79,0,0,0,0,0,0,11,11,4,11,7.7,299,0,0,0,122,23,5.3,3,3,8,71,0,2025,39,27,2,4,33,105.3,2,2,4,3,3,3,168,3,10,1,1,0
70,0,86,0,0,0,0,0,0,16,12,2,14,13.4,376,0,0,0,350,43,8.1,6,6,6,55,0,2001,28,25,5,0,0,158.3,5,0,0,10,10,1,48,5,9,1,3,-1
28,0,80,0,0,0,0,0,0,17,7,2,10,9.6,335,1,1,2,171,31,5.5,3,2,10,91,0,2029,35,28,4,4,35,128.6,0,0,0,4,4,2,90,6,12,1,3,-2
31,0,73,0,0,0,0,0,0,10,8,0,11,7.7,199,1,1,2,234,32,7.3,5,0,9,71,1,2076,26,19,0,4,26,74.7,1,5,5,2,2,3,156,3,12,0,0,-3
19,1,72,1,2,1,1,3,0,14,6,2,11,7.5,306,1,0,1,96,27,3.6,5,1,7,84,0,2149,41,30,1,2,13,90.8,0,4,4,1,1,3,144,4,13,0,1,1
17,0,72,0,0,0,0,0,0,13,5,2,9,6.1,194,1,0,1,137,29,4.7,3,2,7,56,0,1897,32,22,2,0,0,92.4,0,1,2,2,2,3,155,6,14,2,2,-1
9,1,25,0,3,1,1,2,1,12,3,3,11,6.3,240,2,3,5,62,16,3.9,3,0,5,38,0,1573,38,24,0,3,28,56,0,3,3,0,0,2,82,3,10,1,3,-2
22,0,48,0,0,0,0,0,0,6,12,0,11,6.8,177,2,2,4,192,26,7.4,2,2,5,63,0,1359,26,15,1,0,0,59.3,2,0,0,2,2,3,134,3,8,0,1,1
20,0,50,0,0,0,0,0,0,9,9,1,10,6.9,221,1,2,3,175,36,4.9,4,2,6,55,0,2098,32,20,1,2,11,78.9,1,2,2,2,2,2,95,6,15,3,4,2
12,0,37,0,0,0,0,0,0,10,6,3,12,4.5,190,0,3,3,107,24,4.5,3,1,8,66,0,1632,42,20,1,4,28,65.8,0,2,2,0,0,3,181,2,13,2,5,3
22,0,70,0,0,0,0,0,0,8,5,1,13,10.4,292,0,0,0,89,30,3,3,2,8,81,0,1984,28,17,1,5,28,103.9,1,3,3,1,1,7,354,4,16,1,1,4
7,1,76,0,0,0,0,0,0,13,3,1,13,6.5,275,1,1,2,76,19,4,2,1,2,10,0,1591,42,22,0,6,68,56.3,1,0,0,1,1,5,287,0,12,1,6,5
42,0,45,0,0,0,0,0,0,18,10,1,10,8.2,278,0,0,0,185,28,6.6,6,6,2,54,0,1878,34,24,5,2,15,132.7,1,0,0,6,6,4,141,5,10,1,1,-1
26,0,27,0,0,0,0,0,0,11,1,0,13,7.8,256,0,1,1,59,21,2.8,3,2,3,25,1,1722,33,25,2,2,26,114.5,0,2,3,2,3,7,319,3,13,0,0,1
9,1,43,0,0,0,0,0,0,10,6,1,10,5.8,220,0,1,1,86,24,3.6,1,0,3,48,0,1574,38,24,0,1,5,78.3,0,3,4,0,0,4,184,2,11,1,2,-1
27,1,50,0,0,0,0,0,0,12,10,0,10,7.6,244,0,0,0,129,31,4.2,3,2,0,0,0,1836,32,20,2,3,14,104.9,1,2,2,3,3,4,234,7,13,0,0,-2
21,0,81,0,0,0,0,0,0,11,8,0,11,7.2,253,0,1,1,118,34,3.5,3,2,4,63,1,1958,35,22,1,1,3,93.7,1,0,0,3,3,5,222,5,15,1,3,1
9,0,86,0,0,0,0,0,0,14,1,3,11,7.4,204,0,1,1,74,18,4.1,3,0,2,10,0,1691,41,29,2,1,7,97.4,0,1,1,2,2,4,193,4,13,2,2,0
10,0,82,0,0,0,0,0,0,5,6,0,10,4.5,99,1,1,2,116,26,4.5,2,1,6,32,0,1427,22,11,1,3,12,56.4,0,1,1,1,1,5,229,4,12,1,2,-1
20,0,72,0,0,0,0,0,0,12,5,1,11,6.3,245,0,1,1,108,16,6.8,3,2,7,42,0,1671,39,28,2,2,17,103.4,0,1,2,1,1,5,214,5,12,0,0,1
20,0,60,0,0,0,0,0,0,15,4,5,8,6,284,0,1,1,70,18,3.9,4,2,4,51,0,1681,47,29,2,3,25,90.6,0,2,2,2,2,1,54,6,14,4,5,2
8,1,72,1,2,1,1,3,0,4,8,2,10,4.3,95,2,1,3,115,23,5,1,1,3,34,0,1451,22,13,1,4,13,44.1,0,0,0,0,0,5,224,4,10,0,1,3
17,1,72,0,0,0,0,0,0,11,4,1,11,8.6,259,2,0,2,139,26,5.3,2,1,4,43,0,1700,30,17,1,5,40,63.1,1,1,1,2,2,5,261,6,14,1,1,4
24,1,25,0,3,1,1,2,1,7,10,2,11,6,114,0,1,1,153,40,3.8,5,3,6,35,0,2027,19,12,3,6,27,113.4,0,1,2,3,3,4,166,6,14,0,1,5
14,0,52,1,3,1,1,4,1,7,6,0,11,5.7,159,1,0,1,77,19,4.1,2,1,7,45,0,1445,34,21,1,3,18,84.8,1,0,0,2,2,7,316,3,12,0,1,6
21,0,45,1,3,1,1,4,1,5,10,1,12,6.8,150,1,0,1,114,27,4.2,3,3,7,61,0,1679,22,14,0,5,26,59.7,3,0,0,3,3,7,334,3,11,0,0,-1
17,1,55,0,0,0,0,0,0,12,4,0,10,7.3,248,0,0,0,123,23,5.3,3,1,0,0,0,1755,34,23,1,1,13,97.1,1,1,2,2,2,3,117,7,14,0,2,1
27,0,31,0,0,0,0,0,0,15,9,0,7,7.4,267,0,0,0,129,25,5.2,4,3,7,63,0,1832,36,25,3,2,14,117,0,2,2,3,3,2,76,5,10,1,1,-1
20,0,45,0,0,0,0,0,0,12,8,1,11,5.5,233,1,0,1,118,28,4.2,2,1,4,35,0,2121,42,23,1,3,24,66.5,1,2,2,2,2,4,186,6,15,1,1,1
17,0,53,0,0,0,0,0,0,9,1,0,14,5.8,180,1,0,1,52,16,3.3,4,2,5,45,0,1726,31,23,1,4,26,81.9,1,1,2,2,2,6,288,2,12,1,2,-1
20,1,37,1,2,1,1,3,0,3,8,1,10,3,62,0,0,0,157,29,5.4,3,0,4,20,2,1542,21,9,0,2,14,50.3,0,2,2,0,0,6,271,3,12,0,0,-2
17,0,35,0,0,0,0,0,0,11,7,2,10,6,197,0,0,0,104,32,3.3,4,2,3,20,0,2057,33,19,1,6,38,80.2,1,1,1,2,2,4,190,8,16,1,3,1
12,1,59,0,0,0,0,0,0,12,8,2,11,5.5,258,0,1,1,118,30,3.9,3,0,1,5,0,1975,47,28,0,3,23,72.6,0,4,4,0,0,5,218,7,19,2,3,-1
7,0,-2,0,0,0,0,0,0,8,5,0,11,5.1,199,1,0,1,76,18,4.2,0,0,8,62,0,1555,39,20,1,2,11,62.8,0,0,0,1,1,4,163,1,12,3,6,1
24,0,25,0,0,0,0,0,0,12,14,1,8,4.8,186,0,0,0,182,39,4.7,4,3,5,28,0,2223,39,26,1,0,0,86.1,2,1,2,3,3,2,79,7,14,2,3,2
10,0,49,0,1,0,1,1,1,11,5,0,11,7.4,272,1,2,3,81,16,5.1,1,0,8,95,0,1350,37,20,1,4,17,73.6,0,1,1,1,1,5,251,3,11,2,2,3
16,1,64,1,2,1,1,3,0,11,5,6,6,5.2,177,0,0,0,94,22,4.3,3,2,10,83,0,1928,34,27,2,2,11,106.6,0,1,2,1,2,2,80,5,11,0,0,5
38,0,70,0,0,0,0,0,0,17,10,2,9,7.4,274,0,0,0,183,35,5.2,7,5,4,30,0,2404,37,31,3,2,7,123.8,2,1,1,5,5,1,54,7,13,3,4,0
23,0,87,0,0,0,0,0,0,10,5,2,13,8.4,235,0,0,0,105,31,3.4,1,1,6,45,0,1803,28,16,2,1,7,107.4,0,3,3,2,2,6,323,6,15,0,0,1
24,1,67,0,0,0,0,0,0,6,7,3,12,7,167,1,0,1,155,37,4.2,4,3,4,34,0,1629,24,13,1,2,17,69.8,2,1,1,3,3,4,160,5,14,1,2,-1
13,0,92,0,0,0,0,0,0,7,9,2,11,6.1,182,3,0,3,110,25,4.4,3,1,3,18,0,1646,30,16,0,2,7,31.2,1,2,2,1,1,4,184,4,12,1,1,-2
17,0,77,0,0,0,0,0,0,7,8,2,9,6.1,200,1,0,1,83,19,4.4,2,2,10,79,0,1668,33,24,0,4,24,72.3,2,1,1,2,2,3,138,6,12,0,0,-3
30,0,52,0,0,0,0,0,0,10,13,0,9,5.6,162,0,0,0,173,38,4.6,3,3,9,110,1,2046,29,21,1,2,12,95.5,2,1,1,3,4,3,120,8,13,0,1,1
26,0,43,0,0,0,0,0,0,17,10,2,12,7.4,272,1,2,3,222,43,5.2,5,1,5,55,0,2373,37,26,1,1,8,88.1,1,4,5,2,2,1,48,6,14,1,1,2
6,0,73,0,0,0,0,0,0,10,5,0,13,6.9,200,2,0,2,123,25,4.9,1,1,3,8,0,1864,29,19,1,8,46,61.6,0,0,0,0,0,4,169,3,12,1,5,-1
12,0,67,0,0,0,0,0,0,11,3,0,11,6.6,263,1,0,1,108,21,5.1,1,0,8,83,0,1782,40,23,0,2,6,66.4,0,4,4,0,0,5,276,7,16,0,0,-2
20,0,80,0,0,0,0,0,0,11,4,1,11,8.3,176,0,1,1,93,24,3.9,2,2,9,69,1,1776,39,28,2,1,2,102.8,0,2,3,2,2,3,143,3,11,0,1,1
31,1,55,0,0,0,0,0,0,17,6,0,10,8.8,298,0,0,0,69,23,3,4,3,4,40,0,1845,34,27,2,1,7,121.9,2,1,1,4,4,4,211,5,11,0,0,2
3,0,54,0,0,0,0,0,0,9,6,1,11,4.1,146,0,0,0,132,30,4.4,1,0,5,36,0,1931,36,19,0,5,47,58.6,0,1,2,0,0,9,397,8,20,1,1,-1
21,1,60,0,0,0,0,0,0,13,4,1,15,8,257,1,4,5,92,28,3.3,2,2,6,65,0,1809,32,23,3,3,23,110.7,0,0,0,3,3,5,246,6,12,0,1,-2
14,1,37,1,2,1,1,3,0,11,6,2,11,5.5,246,1,1,2,85,25,3.4,4,2,5,44,0,2058,45,28,1,4,23,72.7,1,0,1,2,2,4,167,5,16,3,5,-3
23,0,43,0,0,0,0,0,0,7,8,1,10,9.7,224,0,0,0,134,29,4.6,3,1,5,52,0,1576,23,15,1,1,9,109.9,1,3,3,2,2,3,149,6,13,1,1,1
14,1,50,0,0,0,0,0,0,12,5,0,10,8,272,1,0,1,48,20,2.4,2,2,4,35,0,1764,34,20,1,5,34,77.8,1,0,0,2,2,5,278,4,12,2,3,2
36,0,85,0,0,0,0,0,0,23,5,2,11,10.4,466,1,1,2,70,20,3.5,5,3,6,38,0,1639,45,28,3,0,0,110,1,3,3,3,4,1,38,4,9,1,1,-1
24,0,66,0,0,0,0,0,0,15,7,7,11,7.3,367,1,1,2,130,24,5.4,4,1,6,45,0,1993,50,32,3,4,22,95.8,0,1,1,3,3,3,145,4,14,2,3,-1
17,1,67,0,0,0,0,0,0,12,7,3,11,6.1,238,1,2,3,76,23,3.3,5,2,9,80,0,1971,39,24,0,7,50,62.8,2,1,1,2,2,5,269,1,11,3,3,-2
20,0,76,0,0,0,0,0,0,12,5,3,10,9.1,272,0,1,1,96,26,3.7,4,2,11,85,0,1792,30,21,1,5,26,105.7,1,2,2,2,2,4,209,5,13,1,2,1
31,1,72,0,0,0,0,0,0,21,3,1,11,10.1,424,1,1,2,68,21,3.2,4,3,6,43,0,1900,42,32,4,1,9,128.6,0,1,1,4,4,3,137,6,11,0,0,2
13,0,76,0,0,0,0,0,0,10,7,0,11,6.3,232,2,0,2,73,25,2.9,2,2,7,53,0,1712,37,25,0,1,10,60.9,2,0,0,1,1,3,126,6,14,1,4,-1
6,0,50,0,0,0,0,0,0,12,2,3,13,5.4,263,0,3,3,64,20,3.2,2,0,8,40,0,2067,49,33,0,8,57,75.7,0,2,2,0,0,7,352,3,17,3,4,-2
41,0,81,0,0,0,0,0,0,13,8,2,10,10.1,333,0,0,0,200,31,6.5,4,2,4,44,0,1834,33,23,2,0,0,122.4,3,2,2,5,5,1,29,4,13,4,5,1
23,0,43,0,0,0,0,0,0,16,5,2,11,8.1,322,0,0,0,102,28,3.6,2,1,7,46,0,1918,40,27,2,3,27,105.7,1,1,2,2,3,4,193,7,14,0,1,2
20,0,66,0,0,0,0,0,0,9,10,1,11,5.5,177,0,0,0,197,35,5.6,2,1,5,42,0,2003,32,18,1,2,13,80.7,1,2,3,2,2,3,121,4,13,1,3,-1
0,0,47,0,1,0,1,1,1,5,7,1,11,5.6,141,0,1,1,148,32,4.6,0,0,3,14,0,1870,25,13,0,5,32,63.6,0,0,0,0,0,7,321,4,14,1,3,-2
24,1,76,0,0,0,0,0,0,9,9,1,13,6.8,224,1,0,1,106,31,3.4,4,2,4,26,0,2009,33,21,2,2,8,90,1,1,1,3,3,7,313,8,17,0,0,-3
63,1,60,0,0,0,0,0,0,13,6,1,13,7.2,260,0,0,0,124,26,4.8,3,3,4,30,2,1791,36,22,5,1,6,122,2,0,0,9,9,6,310,9,16,0,0,1
24,0,63,0,0,0,0,0,0,11,5,0,10,11.3,237,1,2,3,105,30,3.5,3,2,7,64,0,1616,21,15,1,1,7,103.3,2,1,1,3,3,4,209,5,10,0,0,-1
16,1,43,0,0,0,0,0,0,7,8,1,11,7,224,0,0,0,101,33,3.1,2,0,7,49,0,2026,32,20,1,2,12,92.2,0,3,4,1,1,5,243,7,17,1,1,-2
13,1,59,0,0,0,0,0,0,6,6,0,10,5.1,154,1,0,1,123,28,4.4,1,0,3,57,1,1625,30,15,0,1,9,50,0,2,2,1,1,6,274,6,16,1,1,-3
0,1,74,0,1,0,1,1,1,5,6,3,12,3.7,110,2,1,3,108,28,3.9,2,0,6,72,0,2008,30,17,0,7,47,34,0,0,2,0,0,3,160,5,16,3,5,-4
10,0,86,0,0,0,0,0,0,6,4,2,11,6.3,170,3,1,4,64,16,4,1,0,5,29,0,1065,27,12,1,3,19,35.2,0,1,1,1,1,5,241,1,10,1,1,0
28,0,93,0,0,0,0,0,0,8,8,4,9,9,189,0,0,0,222,30,7.4,2,2,8,69,0,1527,21,17,1,2,11,117.9,2,3,3,1,1,2,94,5,10,0,0,1
3,0,90,0,0,0,0,0,0,8,2,0,11,6.9,207,2,1,3,53,23,2.3,1,0,6,50,0,1491,30,16,0,2,7,46.5,0,1,2,0,0,5,225,4,13,0,2,2
42,0,79,0,0,0,0,0,0,12,10,3,13,10.1,253,0,1,1,170,41,4.1,5,4,6,45,0,2225,25,18,4,1,2,143.5,2,0,0,6,6,4,187,6,11,0,1,-1
17,0,76,0,0,0,0,0,0,12,2,4,10,6.1,227,1,0,1,53,23,2.3,4,2,9,79,0,1808,37,22,2,1,8,83.1,0,1,1,2,2,5,203,5,14,1,2,1
20,0,45,0,0,0,0,0,0,8,5,2,11,6.4,204,1,0,1,92,24,3.8,2,1,4,25,0,1472,32,18,1,2,16,70.8,1,2,2,0,0,5,183,4,13,1,2,-1
28,1,65,0,0,0,0,0,0,10,7,3,9,9,207,0,0,0,109,33,3.3,3,3,10,98,0,1818,23,17,2,3,24,125.8,2,0,0,4,4,5,259,7,14,2,2,1
17,1,63,0,0,0,0,0,0,5,7,4,13,3.2,86,1,0,1,111,23,4.8,4,2,2,5,0,1359,27,14,2,5,25,67.1,0,1,1,2,2,7,350,0,12,2,3,2
10,0,60,0,0,0,0,0,0,7,6,0,10,4.2,123,1,1,2,110,23,4.8,2,1,8,90,0,1719,29,16,1,7,46,57.7,0,1,1,1,1,5,242,5,15,3,3,-1
10,1,61,0,0,0,0,0,0,15,7,1,11,6.8,300,1,0,1,108,27,4,2,1,5,25,0,2214,44,28,0,4,32,71,1,1,1,1,1,3,119,7,15,0,3,1
35,0,61,0,0,0,0,0,0,16,4,5,10,8.1,334,1,0,1,72,22,3.3,5,4,10,130,0,1413,41,23,3,1,0,97,2,0,1,5,5,0,0,9,14,0,3,2
13,1,47,0,0,0,0,0,0,10,6,1,9,8,225,0,3,3,106,23,4.6,1,0,10,95,1,1404,28,19,0,1,7,91.1,0,2,2,1,1,1,39,4,9,1,2,3
31,0,47,0,1,0,1,1,1,5,20,3,9,6.3,94,0,0,0,266,49,5.4,4,3,1,15,0,2105,15,7,1,1,9,86.8,3,1,1,4,4,2,95,5,9,0,0,4
22,0,77,1,2,1,1,3,0,9,5,2,10,7.9,222,0,0,0,77,28,2.8,5,2,9,65,0,2181,37,24,1,1,9,97.1,0,5,5,1,1,2,111,6,13,0,1,5
19,0,41,0,0,0,0,0,0,14,7,0,11,8.6,302,2,0,2,125,31,4,4,2,6,35,0,1836,35,20,1,1,7,70.5,1,2,2,1,1,4,195,4,13,2,3,-1
10,1,47,0,0,0,0,0,0,9,3,0,10,5.6,157,2,1,3,50,17,2.9,2,1,4,39,0,1565,28,20,1,4,27,63.1,0,1,1,1,1,2,50,2,10,3,4,-2
48,0,14,0,0,0,0,0,0,11,10,1,10,13,272,0,0,0,143,33,4.3,4,4,7,66,1,1735,21,16,3,0,0,157.2,3,0,0,6,7,3,113,6,10,1,1,1
40,1,74,0,1,0,1,1,1,8,7,3,9,5.7,143,0,0,0,122,30,4.1,4,3,5,35,2,1592,25,13,0,0,0,69.2,3,2,2,4,5,3,146,6,13,1,2,2
28,0,93,0,0,0,0,0,0,11,10,3,10,7.4,228,0,0,0,151,29,5.2,3,2,8,57,0,1837,31,21,1,0,0,99.9,2,2,3,2,2,3,146,4,10,0,0,0
30,0,76,0,0,0,0,0,0,13,9,4,11,8.4,310,0,0,0,141,39,3.6,5,2,6,71,0,2350,37,25,2,2,10,110.2,1,3,3,3,3,3,128,9,16,0,0,-1
24,0,67,0,0,0,0,0,0,6,6,1,11,6.7,173,0,0,0,121,23,5.3,4,2,8,74,1,1440,26,15,1,2,13,88.6,1,1,2,3,3,4,214,3,12,0,2,1
31,0,87,0,0,0,0,0,0,14,8,0,11,10.3,308,2,1,3,222,23,9.7,3,2,6,43,0,1441,30,22,2,1,6,99.6,2,1,1,4,4,2,69,3,8,0,0,-1
14,0,47,0,0,0,0,0,0,12,7,3,9,5.6,169,1,1,2,128,29,4.4,2,2,7,51,0,1716,30,19,2,0,0,86.7,0,0,2,2,2,3,127,6,12,0,0,-2
7,1,54,1,2,1,1,3,0,9,3,2,14,5.9,249,1,0,1,76,19,4,3,1,10,75,0,1874,42,22,0,6,52,55.4,1,0,1,1,1,10,513,1,15,2,3,-3
30,0,73,0,0,0,0,0,0,9,6,0,12,8.4,209,0,0,0,125,34,3.7,4,3,4,30,0,1736,25,16,0,0,0,90.2,3,3,3,3,3,5,318,5,14,0,1,1
49,1,63,0,0,0,0,0,0,19,12,1,13,10.7,472,2,0,2,168,33,5.1,7,6,9,83,0,2241,44,33,4,0,0,120.6,3,0,0,7,7,2,93,6,12,1,2,-1
19,1,57,0,0,0,0,0,0,12,13,3,14,5.7,256,3,3,6,174,28,6.2,3,2,1,5,0,2091,45,31,1,4,26,60.4,1,2,2,1,2,2,90,5,13,1,1,-2
7,0,47,0,0,0,0,0,0,8,10,0,12,4.1,143,3,0,3,147,31,4.7,2,1,2,13,0,2046,35,21,0,2,7,32.6,1,0,1,1,1,6,270,4,14,2,2,-3
22,0,42,0,0,0,0,0,0,12,6,1,11,5.6,218,1,2,3,123,25,4.9,5,2,4,39,0,1866,39,25,1,2,15,75.1,1,3,4,1,1,3,119,5,14,1,1,1
24,0,57,0,0,0,0,0,0,11,7,2,9,7.5,218,0,0,0,87,28,3.1,2,2,6,58,0,2007,29,23,3,1,9,131.2,0,1,1,3,3,4,167,6,12,0,0,2
33,1,49,0,0,0,0,0,0,16,12,0,11,7.9,301,1,1,2,170,35,4.9,5,2,9,65,0,2078,38,24,1,1,6,84.9,2,4,4,3,3,2,108,8,15,2,2,3
26,0,46,0,0,0,0,0,0,14,7,1,14,9.3,317,2,1,3,105,23,4.6,3,3,3,28,0,1811,34,24,1,4,31,81.2,3,0,0,2,4,5,287,2,8,0,1,-1
10,1,36,0,0,0,0,0,0,9,9,1,13,5.6,203,2,2,4,133,24,5.5,2,1,2,10,0,1623,36,20,1,5,37,53.7,0,1,1,1,1,4,201,5,13,0,1,-2
20,0,74,0,1,0,1,1,1,18,5,1,13,5.9,316,1,1,2,76,22,3.5,5,3,7,50,0,1752,54,35,3,2,10,90.5,0,0,0,2,2,5,226,5,15,1,4,-3
28,0,72,1,2,1,1,3,0,19,0,0,11,8.3,364,0,4,4,28,9,3.1,3,3,2,15,0,1232,44,31,4,2,18,123.9,0,0,0,4,4,3,157,6,10,1,1,0
11,0,87,0,0,0,0,0,0,10,1,1,9,5.8,146,1,1,2,41,17,2.4,2,1,4,20,0,1265,25,15,1,2,13,70.9,0,1,1,0,0,4,230,5,10,0,0,1
14,0,73,0,0,0,0,0,0,13,2,2,8,6,222,0,0,0,54,14,3.9,1,1,5,48,0,1325,37,21,2,4,27,89.4,0,0,0,2,2,4,215,6,14,2,3,3
20,0,58,0,0,0,0,0,0,9,5,3,11,5.6,186,0,0,0,89,21,4.2,4,1,9,68,0,1756,33,19,0,5,31,69.6,1,4,4,0,0,4,194,2,11,0,1,4
17,0,55,0,0,0,0,0,0,9,3,0,8,6.8,216,1,0,1,45,12,3.8,1,0,10,70,1,1397,32,23,1,4,17,85.3,0,1,1,2,2,3,135,4,11,0,2,5
31,1,69,0,0,0,0,0,0,20,5,1,11,7.6,397,1,0,1,84,16,5.3,2,2,7,79,0,1889,52,39,4,1,9,113.3,0,1,1,4,4,2,96,7,12,0,3,-1
23,1,65,0,0,0,0,0,0,19,3,5,10,8.5,374,0,1,1,73,21,3.5,5,3,10,83,0,1782,44,29,3,5,41,111.3,0,1,1,2,2,2,82,6,15,3,5,1
17,0,45,1,3,1,1,4,1,10,10,3,12,4.1,177,1,1,2,168,30,5.6,4,2,7,55,0,1921,43,24,2,1,9,70.7,0,1,1,2,2,6,256,8,17,2,3,2
34,0,45,0,1,0,1,1,1,15,13,1,14,6.6,339,1,0,1,173,40,4.3,5,4,11,80,0,2430,51,29,2,1,7,81.5,2,2,4,4,4,4,171,13,22,1,1,3
42,0,53,0,0,0,0,0,0,12,12,0,9,11.6,314,0,0,0,146,28,5.2,4,4,5,47,0,1701,27,19,4,2,4,148.1,2,0,0,6,6,2,95,8,11,1,1,4
20,0,46,0,1,0,1,1,1,7,7,2,10,6.3,208,0,0,0,100,24,4.2,2,0,5,35,0,1622,33,22,1,2,11,92.6,1,2,2,2,2,5,280,6,14,0,0,-1
25,1,49,0,0,0,0,0,0,7,6,1,10,5.9,188,1,0,1,106,26,4.1,1,1,3,13,1,1522,32,16,1,1,2,65.4,1,1,1,2,2,4,157,4,14,3,5,-2
35,0,48,0,0,0,0,0,0,16,14,2,8,7.5,232,1,0,1,221,40,5.5,6,4,5,25,0,2379,31,25,3,1,4,116.1,1,2,2,3,3,0,0,5,10,2,2,-3
27,1,36,0,0,0,0,0,0,13,9,0,12,9.1,311,1,0,1,109,30,3.6,6,3,3,21,0,1977,34,25,1,2,5,98.4,2,2,3,3,3,5,228,6,14,0,0,1
32,0,67,0,0,0,0,0,0,13,9,1,10,9.4,337,0,0,0,119,29,4.1,1,0,5,25,0,2043,36,22,3,4,30,116.3,0,3,3,3,3,3,124,6,14,1,2,-1
16,0,75,0,0,0,0,0,0,9,4,0,11,4.4,132,0,2,2,96,25,3.8,2,0,9,122,1,1716,30,21,0,3,18,76.2,0,3,3,1,1,5,235,4,14,0,1,-2
33,0,79,0,0,0,0,0,0,8,10,3,11,9.6,308,1,1,2,122,23,5.3,4,2,9,58,0,1575,32,18,3,7,31,103.3,1,2,2,3,3,3,134,4,12,2,2,0
37,0,65,0,0,0,0,0,0,10,10,0,10,6.8,218,1,0,1,168,33,5.1,4,2,6,45,1,2079,32,20,1,0,0,79.9,2,3,3,4,4,1,70,9,15,0,1,1
40,0,66,0,0,0,0,0,0,9,9,0,11,9.7,282,0,0,0,178,32,5.6,6,3,3,35,0,1804,29,15,4,3,9,124,0,4,4,4,4,3,131,7,15,1,1,-1
16,0,61,0,0,0,0,0,0,18,5,2,11,6.5,307,3,0,3,106,29,3.7,3,2,5,31,0,2183,47,28,2,3,11,65.6,0,1,1,1,1,3,140,5,15,1,3,-2
14,1,54,1,2,1,1,3,0,10,5,1,14,9.6,279,0,2,2,106,32,3.3,2,1,4,40,0,1726,29,18,2,4,29,112.7,0,0,1,2,2,8,395,5,16,0,0,-3
38,1,69,0,0,0,0,0,0,17,3,1,12,8.4,319,0,2,2,59,22,2.7,5,3,3,14,0,1711,38,29,4,2,4,135.3,1,1,1,5,5,2,117,8,13,1,1,1
17,0,62,0,0,0,0,0,0,13,4,1,12,5,220,1,0,1,107,19,5.6,1,1,4,30,0,1370,44,24,1,0,0,66.5,1,1,1,2,2,6,326,3,12,1,2,-1
29,0,51,0,1,0,1,1,1,16,7,4,12,7.9,369,0,0,0,120,26,4.6,2,1,8,50,0,1827,47,31,2,1,0,103.9,0,5,5,2,2,4,181,4,14,1,1,-2
31,1,57,0,0,0,0,0,0,10,3,0,12,9.5,246,0,0,0,91,19,4.8,2,1,5,33,1,1509,26,18,3,9,45,130.4,0,1,1,4,4,7,318,5,14,0,1,1
45,1,61,0,0,0,0,0,0,15,5,1,9,10.3,331,0,0,0,100,18,5.6,3,3,7,48,1,1386,32,22,4,0,0,142.1,1,1,1,4,5,3,158,6,10,0,0,-1
45,0,53,0,0,0,0,0,0,14,6,2,11,11.3,228,2,1,3,167,37,4.5,3,2,6,38,1,2141,25,19,2,0,0,139.2,3,1,1,6,6,3,127,7,13,2,2,-2
28,0,73,0,0,0,0,0,0,10,12,1,12,7.8,258,0,2,2,196,37,5.3,3,1,5,36,0,2153,33,25,2,3,9,116.9,1,2,3,2,2,3,134,9,16,0,0,-3
30,0,45,0,0,0,0,0,0,12,11,3,16,4.4,217,1,1,2,164,36,4.6,5,2,14,150,0,2176,49,27,1,0,0,64.8,2,3,3,3,3,6,292,4,16,1,2,-4
27,0,51,0,0,0,0,0,0,14,12,2,9,8.2,230,0,0,0,184,39,4.7,6,3,3,20,0,2293,28,22,2,1,6,123.8,1,2,2,3,3,2,76,4,9,0,1,-5
38,1,47,0,0,0,0,0,0,23,6,2,9,7.7,309,1,0,1,131,29,4.5,7,5,2,20,0,2035,40,34,4,0,0,121.8,1,1,3,5,5,0,0,6,10,1,1,-6
38,1,79,0,0,0,0,0,0,10,5,0,11,9.1,245,0,0,0,92,32,2.9,3,3,9,90,1,1757,27,15,3,1,8,122,1,1,1,5,5,5,249,9,16,1,2,-7
27,0,87,0,0,0,0,0,0,10,8,1,10,9.3,317,0,0,0,120,34,3.5,4,1,7,54,1,2156,34,26,1,0,0,114.5,1,2,3,3,3,4,211,8,15,1,1,0
41,0,82,0,0,0,0,0,0,16,12,3,11,8,303,2,0,2,153,37,4.1,5,5,3,15,0,2173,38,27,3,0,0,98.9,2,2,2,5,5,1,55,10,14,0,0,-1
31,0,80,0,0,0,0,0,0,9,6,2,9,8,223,0,0,0,97,19,5.1,3,3,7,39,1,1571,28,21,3,1,9,132.1,0,1,1,4,4,4,163,6,11,0,0,-2
20,0,66,0,0,0,0,0,0,21,1,1,12,7.6,388,1,1,2,29,10,2.9,3,2,1,5,0,1796,51,37,2,5,29,96.8,0,2,3,0,0,2,103,6,12,0,1,-3
19,1,55,0,0,0,0,0,0,8,3,1,11,5.8,181,0,1,1,46,22,2.1,1,1,5,63,1,1489,31,21,1,2,7,92.7,0,2,3,1,2,5,249,2,13,1,2,-4
12,0,52,0,0,0,0,0,0,16,1,3,9,4.5,204,3,0,3,39,14,2.8,2,1,2,15,0,1554,45,27,1,1,8,49.9,0,2,3,0,0,2,82,2,9,2,2,1
30,0,76,0,0,0,0,0,0,18,1,1,10,7.5,298,0,1,1,54,25,2.2,2,2,2,15,0,1888,40,31,3,0,0,122.7,0,3,3,3,3,2,88,7,13,0,1,-1
24,0,70,0,0,0,0,0,0,11,6,1,12,6.1,214,0,0,0,87,27,3.2,5,3,1,5,0,1760,35,26,3,0,0,118,0,1,2,3,3,4,164,7,14,0,1,1
13,0,51,0,0,0,0,0,0,6,4,2,9,4.9,185,0,0,0,43,16,2.7,1,0,5,45,1,1589,38,21,0,3,15,66.8,0,2,3,1,1,6,272,3,15,3,3,-1
31,1,51,0,0,0,0,0,0,14,8,1,11,6.7,236,3,1,4,115,22,5.2,3,3,5,25,0,1176,35,23,2,2,13,66.7,2,0,0,3,3,2,97,8,11,0,0,-2
10,1,16,0,0,0,0,0,0,8,3,4,11,5.8,185,4,0,4,73,17,4.3,2,1,4,24,0,1450,32,22,1,2,16,52.2,0,1,1,1,1,3,116,2,9,0,2,1
13,1,36,0,0,0,0,0,0,7,6,0,11,4.6,161,2,1,3,140,24,5.8,2,2,8,59,0,1601,35,20,1,4,34,50.5,1,0,0,1,2,4,207,6,15,1,5,-1
20,0,46,1,3,1,1,4,1,13,1,0,16,8.4,379,3,0,3,29,18,1.6,3,1,9,48,0,1860,45,29,2,4,31,75,0,2,2,2,2,9,390,4,16,1,1,1
16,0,56,0,0,0,0,0,0,10,5,1,12,6.1,230,0,0,0,93,20,4.7,1,1,2,8,0,1528,38,24,2,2,17,95.6,0,1,1,1,1,6,313,7,16,0,1,2
17,0,37,0,0,0,0,0,0,5,8,2,13,5.5,180,4,0,4,134,24,5.6,1,0,1,15,0,1366,33,13,1,2,7,27.3,1,1,3,2,2,3,128,4,13,0,1,-1
17,1,34,0,0,0,0,0,0,14,10,0,7,9.9,316,0,1,1,124,27,4.6,4,2,1,5,0,1884,32,27,2,1,8,127.6,0,1,2,2,2,0,0,7,10,0,0,1
20,0,81,0,0,0,0,0,0,10,6,1,11,5.8,226,1,0,1,90,23,3.9,3,2,3,25,0,1642,39,21,2,0,0,77.5,0,2,2,2,2,5,247,5,14,0,1,2
6,0,71,0,0,0,0,0,0,9,3,4,12,5.3,201,0,1,1,44,20,2.2,1,0,4,24,0,1623,38,21,0,7,62,63.4,0,2,3,0,0,6,295,4,14,0,1,1
20,1,62,0,0,0,0,0,0,9,2,4,12,6.8,246,2,0,2,27,12,2.3,4,2,4,31,0,1322,36,23,1,5,43,64.9,1,2,2,0,0,5,259,3,11,1,1,-1
24,0,52,0,0,0,0,0,0,15,7,4,10,6,247,2,1,3,99,23,4.3,4,3,7,45,0,1725,41,25,3,1,4,81.7,0,1,1,3,3,3,114,5,10,1,1,1
6,0,77,1,2,1,1,3,0,12,0,1,10,5.6,206,1,0,1,46,16,2.9,2,0,5,33,0,1410,37,19,0,1,1,56.7,0,2,2,0,0,6,325,2,12,1,2,2
38,0,62,1,2,1,1,3,0,15,7,1,10,12.8,357,0,1,1,146,27,5.4,6,5,4,45,0,1822,28,21,3,0,0,152.4,2,1,1,5,5,2,112,4,8,1,1,3
14,0,43,0,0,0,0,0,0,6,4,2,11,6,126,1,0,1,80,18,4.4,1,1,4,40,1,1227,21,10,0,6,49,37.2,1,0,0,2,2,5,242,1,9,0,3,4
38,0,81,0,0,0,0,0,0,16,5,3,9,8.1,323,1,0,1,98,28,3.5,3,3,3,36,0,1766,40,27,4,0,0,114.9,1,1,1,5,5,2,107,7,14,3,3,-1
26,1,51,0,0,0,0,0,0,10,11,4,11,7.3,169,0,1,1,183,46,4,2,1,6,69,0,2424,23,16,1,2,18,101.9,1,4,4,2,2,2,91,5,13,2,2,1
29,1,47,0,0,0,0,0,0,13,4,0,11,8.4,268,0,0,0,109,22,5,4,3,7,60,1,1684,32,22,3,0,0,125.5,0,1,2,2,3,4,152,5,11,0,1,2
28,0,64,0,0,0,0,0,0,12,10,1,12,9.2,267,1,1,2,113,36,3.1,4,4,6,50,0,1930,29,19,1,2,18,89.6,3,0,0,4,4,4,180,6,12,0,1,3
28,1,36,0,0,0,0,0,0,10,7,3,12,6.8,223,0,0,0,142,30,4.7,5,2,4,35,0,1999,33,19,1,3,29,84.7,2,3,3,1,2,3,129,6,14,1,2,-1
17,0,45,0,0,0,0,0,0,12,7,1,11,7,223,0,1,1,83,28,3,3,2,4,40,0,1722,32,18,1,2,19,85.9,1,1,1,2,2,5,259,5,13,2,2,1
24,1,55,0,0,0,0,0,0,15,1,3,10,11.4,411,4,0,4,17,11,1.5,3,2,8,64,0,1298,36,22,2,4,38,75.1,1,1,1,3,3,2,100,3,9,0,1,-1
20,0,41,0,0,0,0,0,0,12,4,1,12,9.1,345,1,1,2,61,21,2.9,2,1,5,34,0,1764,38,26,2,3,22,101.1,0,2,2,2,2,4,181,7,14,0,0,1
20,1,37,0,0,0,0,0,0,15,6,3,11,9,396,2,0,2,89,22,4,1,0,8,77,0,2099,44,30,2,4,37,89.1,0,2,2,2,2,4,224,2,13,2,3,2
23,0,3,0,0,0,0,0,0,15,4,3,8,10.2,367,0,0,0,68,17,4,3,0,4,36,0,1805,36,25,2,2,10,119.8,0,3,3,2,2,2,93,3,9,1,1,-1
23,0,26,1,2,1,1,3,0,18,4,1,11,8.5,349,2,0,2,89,15,5.9,3,3,5,33,0,1680,41,26,3,4,30,91.4,0,1,2,2,2,4,207,4,12,1,1,1
34,0,70,0,0,0,0,0,0,12,11,0,11,8.6,267,1,0,1,155,33,4.7,5,4,3,20,0,1932,31,20,1,2,9,87.8,3,2,3,4,4,1,56,6,12,0,1,2
20,1,79,0,0,0,0,0,0,12,8,2,12,5.8,216,1,1,2,122,29,4.2,2,1,7,61,0,1843,37,24,1,4,27,75.2,1,2,2,0,0,4,212,3,13,1,2,3
25,0,75,0,0,0,0,0,0,10,15,2,10,7.4,237,1,0,1,211,45,4.7,5,2,6,110,0,2175,32,19,1,1,2,79.6,1,4,4,1,2,1,45,6,15,3,4,0
17,0,68,0,0,0,0,0,0,9,5,1,10,6,204,0,0,0,77,22,3.5,2,1,7,102,1,1645,34,23,1,4,29,89.7,0,1,2,2,2,7,293,4,14,1,1,1
34,1,62,0,0,0,0,0,0,11,13,1,12,7.5,210,1,0,1,211,43,4.9,6,3,8,70,0,2278,28,19,1,2,20,83.9,3,2,2,4,4,4,180,7,17,2,2,-1
17,0,92,0,0,0,0,0,0,13,6,0,11,6.7,208,1,0,1,96,29,3.3,3,2,4,28,0,1954,31,22,1,4,25,83.1,1,1,3,2,2,4,189,5,13,1,1,1
19,0,72,0,0,0,0,0,0,9,6,3,9,6.7,194,0,0,0,145,25,5.8,4,1,8,60,0,1703,29,20,1,1,0,98.9,0,4,4,1,1,3,132,5,12,0,1,-1
24,1,39,0,0,0,0,0,0,14,6,4,10,8.5,297,0,1,1,62,31,2,4,2,7,35,0,2182,35,26,2,3,13,116.8,1,1,3,3,3,2,87,10,18,1,1,-2
3,0,51,0,0,0,0,0,0,6,3,1,11,4.6,130,1,1,2,68,26,2.6,0,0,5,36,0,1484,28,13,0,1,11,43.6,0,1,2,0,0,5,224,5,14,0,2,-3
23,0,49,0,0,0,0,0,0,6,12,3,10,5.5,126,0,0,0,205,36,5.7,3,2,3,27,0,1843,23,14,0,1,7,74.4,2,3,3,2,2,5,224,4,13,1,1,-4
20,0,43,0,0,0,0,0,0,11,5,1,11,7.2,260,0,1,1,150,24,6.3,4,1,4,54,0,1682,36,21,2,2,16,97.5,0,2,2,2,2,3,143,7,14,0,2,1
22,1,47,0,0,0,0,0,0,17,6,2,11,7.5,332,0,3,3,140,31,4.5,4,3,7,51,0,1916,44,29,2,3,8,102.8,1,0,0,0,1,2,83,7,15,1,5,-1
19,0,31,0,0,0,0,0,0,13,10,2,8,6.4,210,1,0,1,148,25,5.9,4,2,5,50,0,1768,33,21,1,3,21,76.5,1,2,2,1,1,1,57,7,11,0,1,1
24,0,42,0,0,0,0,0,0,8,9,1,12,7.5,158,0,2,2,209,34,6.1,4,3,5,47,0,1734,21,17,1,0,0,113.9,2,1,2,3,3,4,164,3,10,0,1,2
34,0,41,0,0,0,0,0,0,18,3,1,9,13.6,381,0,1,1,99,27,3.7,4,2,4,52,0,1747,28,22,4,5,28,158.3,0,2,2,4,4,1,65,7,11,1,1,3
30,0,64,0,0,0,0,0,0,14,8,4,10,8.7,312,0,0,0,96,25,3.8,3,3,8,87,0,1881,36,23,2,2,14,108.3,2,1,1,1,3,3,151,6,13,1,2,-1
10,1,21,0,0,0,0,0,0,10,1,2,11,5.6,180,1,1,2,67,16,4.2,3,1,6,27,0,1348,32,18,1,4,36,65.1,0,1,1,1,1,4,218,3,10,0,2,-2
9,1,34,0,0,0,0,0,0,8,4,1,6,9.3,148,0,0,0,75,25,3,2,0,1,10,0,1716,16,11,0,5,31,89.8,0,3,3,0,0,3,137,3,11,1,1,1
32,0,14,0,0,0,0,0,0,25,8,4,11,6.7,403,2,0,2,123,25,4.9,5,4,6,48,0,1865,60,41,3,4,16,88.7,1,1,1,1,2,2,80,10,16,0,2,2
24,0,58,0,1,0,1,1,1,12,7,0,10,6.5,252,0,0,0,111,24,4.6,1,1,6,83,0,1781,39,23,1,1,7,86,2,1,2,3,3,4,179,10,16,0,0,3
20,0,67,0,0,0,0,0,0,9,5,2,12,5.1,173,0,0,0,73,33,2.2,2,1,3,19,0,1839,34,21,2,1,4,93.9,0,2,2,2,2,6,327,6,17,1,1,4
34,0,72,1,2,1,1,3,0,4,19,1,12,8.4,193,1,0,1,259,48,5.4,4,3,7,45,0,2368,23,18,1,4,22,94,3,2,3,4,4,4,150,6,14,1,1,0
28,0,66,0,0,0,0,0,0,22,2,0,11,9.5,454,0,1,1,30,15,2,2,2,12,94,0,1607,48,41,4,1,9,133.1,0,0,1,4,4,3,112,5,11,1,2,-1
13,0,79,0,0,0,0,0,0,11,7,2,9,6.4,204,0,1,1,83,31,2.7,2,0,6,80,1,2309,32,25,0,5,55,86.1,0,2,2,1,1,5,229,5,14,2,3,-2
27,0,60,0,0,0,0,0,0,15,5,1,8,6.9,281,0,0,0,67,21,3.2,3,3,10,86,0,1919,41,31,2,2,15,108.4,1,2,2,3,3,3,140,9,15,0,0,-3
13,1,55,0,0,0,0,0,0,8,9,1,12,5.9,141,2,1,3,162,36,4.5,2,1,5,29,0,2111,24,16,0,5,28,42.5,1,2,2,1,1,4,176,6,14,0,1,1
17,0,60,0,0,0,0,0,0,12,7,0,9,9.1,272,2,1,3,65,22,3,2,1,5,37,0,1504,30,21,1,1,12,79.9,1,1,2,2,2,1,62,5,9,1,1,-1
10,1,39,0,0,0,0,0,0,14,1,1,10,5.6,229,1,0,1,74,17,4.4,4,1,11,99,0,1418,41,24,1,4,33,68.8,0,1,1,1,1,4,207,5,14,1,4,1
28,0,73,0,0,0,0,0,0,12,6,0,13,7.1,268,1,1,2,110,28,3.9,2,1,8,62,0,1708,38,21,1,1,8,74.5,1,4,4,2,2,4,175,10,18,0,0,-1
19,0,52,0,0,0,0,0,0,10,4,2,13,5.4,232,2,0,2,65,15,4.3,2,2,9,74,0,1614,43,26,2,3,17,69.4,0,1,1,0,0,6,279,4,14,2,2,1
21,0,50,0,0,0,0,0,0,11,2,0,11,7.4,259,0,0,0,46,15,3.1,5,1,4,48,0,1502,35,27,1,2,10,105.5,0,5,5,0,0,4,217,2,12,1,1,2
12,1,16,0,0,0,0,0,0,12,6,0,10,5.9,217,0,2,2,118,28,4.2,2,0,7,76,0,2150,37,27,0,3,18,85.3,0,4,5,0,0,3,137,8,18,1,1,3
0,0,54,0,0,0,0,0,0,5,3,0,12,5.3,171,1,2,3,56,17,3.3,1,0,4,37,0,1669,32,21,0,4,25,62.8,0,0,0,0,0,8,433,3,14,2,2,-1
30,1,55,0,0,0,0,0,0,16,9,3,11,6.4,257,0,1,1,143,36,4,5,4,9,52,0,2302,40,30,1,1,11,98.5,3,1,1,3,4,3,143,6,12,2,2,1
33,1,21,0,0,0,0,0,0,17,9,2,10,8.6,293,0,1,1,177,39,4.5,4,2,4,32,0,2252,34,25,3,0,0,128.7,1,2,2,3,4,2,99,9,14,0,1,-1
30,1,37,0,0,0,0,0,0,13,5,1,11,10,320,0,0,0,70,23,3,4,3,4,20,0,1501,32,23,2,1,9,123.3,2,1,1,3,4,5,268,1,9,2,2,-2
10,1,82,0,0,0,0,0,0,9,9,2,12,3.8,146,2,1,3,154,32,4.8,2,1,9,66,0,2081,38,20,1,2,19,46.7,0,1,1,1,1,5,266,5,14,0,2,-3
24,0,75,0,0,0,0,0,0,10,4,3,10,6,151,0,0,0,84,21,4,3,2,7,40,0,1425,25,14,3,1,11,111.7,0,1,1,3,3,4,199,3,9,0,1,0
20,0,71,0,0,0,0,0,0,11,5,2,12,7.4,243,1,0,1,115,31,3.7,4,1,10,119,0,1977,33,22,1,0,0,85.8,1,2,2,2,2,6,274,4,14,0,0,1
23,0,70,0,0,0,0,0,0,11,4,1,10,6.2,226,0,0,0,105,32,3.3,1,0,3,25,1,1971,31,19,1,4,31,58.5,0,0,0,1,1,5,271,6,12,0,1,2
19,0,63,0,0,0,0,0,0,13,3,1,11,7.1,249,0,0,0,64,23,2.8,3,1,5,25,0,1468,35,20,1,0,0,88.9,0,4,4,1,1,6,234,4,13,0,0,-1
24,0,61,0,0,0,0,0,0,9,3,1,12,6.6,151,0,0,0,72,22,3.3,3,2,6,40,0,1417,23,14,3,5,30,114.3,0,1,1,3,3,6,260,2,10,1,1,-2
13,1,81,0,0,0,0,0,0,13,2,6,10,6.5,275,1,1,2,73,20,3.7,2,0,9,66,0,1801,42,27,1,3,19,79.1,0,2,2,1,1,3,144,6,12,0,1,1
28,0,75,0,0,0,0,0,0,7,9,1,14,8.2,238,0,1,1,149,36,4.1,1,1,6,53,0,1979,29,19,4,2,12,128.7,0,0,0,4,4,8,420,5,15,1,1,-1
31,0,73,0,0,0,0,0,0,13,8,2,13,6.6,236,0,2,2,146,33,4.4,6,3,1,4,0,1892,36,25,2,4,19,103.6,1,3,3,2,2,3,133,7,16,1,1,1
25,0,81,0,0,0,0,0,0,11,8,1,10,7.8,249,1,0,1,122,26,4.7,4,2,11,112,0,1698,32,19,0,2,19,68.5,2,4,4,1,1,3,156,3,11,1,1,-1
15,1,49,0,0,0,0,0,0,13,6,3,10,8,304,1,1,2,148,28,5.3,5,0,6,50,0,1894,38,24,0,1,8,76.2,0,5,6,0,0,1,46,6,14,0,0,-2
8,0,49,0,1,0,1,1,1,9,3,2,13,5.6,214,1,2,3,62,25,2.5,1,0,11,71,0,1826,38,19,0,4,17,54.4,0,2,2,0,0,7,339,2,15,2,3,-3
29,1,59,0,0,0,0,0,0,8,7,1,12,5,144,0,0,0,148,37,4,2,2,4,26,0,1900,29,14,2,1,2,85.7,1,2,2,3,3,6,325,6,16,1,2,1
9,1,47,0,1,0,1,1,1,7,8,2,10,7,167,0,0,0,129,36,3.6,3,0,4,35,0,2036,24,18,0,3,13,91.3,0,3,3,0,0,5,235,5,15,0,2,2
10,0,62,0,0,0,0,0,0,14,4,2,11,5.4,201,1,0,1,92,25,3.7,2,1,4,29,0,1836,37,20,0,6,31,55,1,1,1,1,1,4,193,5,14,1,3,-1
37,0,37,0,0,0,0,0,0,12,10,0,13,8.4,268,0,0,0,192,37,5.2,5,4,5,55,0,2234,32,20,1,3,28,95.8,3,3,4,4,4,4,195,6,16,1,2,-2
48,1,54,0,0,0,0,0,0,13,12,2,12,9.4,264,0,0,0,154,35,4.4,6,4,3,15,0,2030,28,22,4,3,18,142.9,2,2,2,6,6,4,183,3,10,1,1,1
24,1,82,0,0,0,0,0,0,6,7,0,13,6.4,115,0,0,0,130,26,5,3,3,6,43,0,1519,18,15,1,4,24,106.2,2,1,1,3,3,7,337,2,10,0,0,-1
20,1,76,0,0,0,0,0,0,11,10,2,11,6.4,236,1,0,1,134,33,4.1,4,2,3,32,0,1969,37,22,0,4,29,63.7,2,2,2,2,2,5,210,7,16,0,0,0
37,0,60,0,0,0,0,0,0,14,10,3,13,8.2,296,1,0,1,146,33,4.4,6,3,8,82,0,1828,36,23,1,2,17,85.3,2,5,5,2,2,2,93,3,13,1,1,-1
21,0,79,0,0,0,0,0,0,9,4,1,9,7.3,139,2,0,2,135,23,5.9,2,1,7,37,1,1291,19,12,2,2,9,78.7,0,0,0,3,3,4,216,1,8,1,2,-2
42,0,52,0,0,0,0,0,0,11,11,1,11,8.4,236,0,0,0,159,30,5.3,4,4,5,35,0,1875,28,20,3,2,18,129.8,3,0,0,6,6,2,88,4,10,1,2,-3
42,0,86,1,2,1,1,3,0,14,8,1,12,8.2,262,1,0,1,162,33,4.9,5,5,3,25,0,1756,32,21,3,0,0,109.1,3,0,0,6,6,4,194,7,13,0,0,-4
13,0,80,1,2,1,1,3,0,10,6,0,9,5.8,140,0,1,1,110,30,3.7,2,2,10,70,0,1771,24,16,0,2,21,78.3,2,0,0,1,1,6,287,5,12,1,1,-5
27,0,76,0,0,0,0,0,0,7,5,5,9,4.9,127,0,1,1,78,30,2.6,2,1,5,25,2,1731,26,17,1,1,7,88.6,0,2,2,3,3,5,241,4,13,0,0,-6
16,0,51,0,0,0,0,0,0,10,10,1,11,4.9,162,0,0,0,133,37,3.6,2,1,7,44,0,2011,33,20,0,0,0,73,1,3,3,1,1,6,280,6,15,1,1,1
33,0,60,0,0,0,0,0,0,11,7,5,9,5,204,0,0,0,107,27,4,4,2,5,45,1,1881,41,27,2,0,0,94,1,2,2,3,4,3,176,7,16,0,0,-1
17,0,52,0,0,0,0,0,0,9,6,0,11,6.6,185,0,0,0,80,24,3.3,2,2,8,53,0,1571,28,18,0,1,1,83,2,1,1,2,2,7,376,2,11,1,1,-2
21,1,77,0,0,0,0,0,0,7,6,2,13,7,202,1,0,1,128,28,4.6,3,2,5,36,0,1578,29,14,1,1,8,67.3,2,0,0,3,3,8,369,6,15,0,0,-3
28,1,56,0,0,0,0,0,0,8,5,1,11,4.6,119,1,0,1,97,25,3.9,4,3,3,30,1,1510,26,18,2,1,9,87,1,0,1,4,4,5,200,3,10,0,0,-4
7,1,47,0,1,0,1,1,1,8,3,1,10,7.6,152,1,1,2,52,31,1.7,2,1,4,25,0,1564,20,12,1,0,0,79.6,0,0,0,1,1,5,198,6,13,0,1,-5
33,0,64,0,0,0,0,0,0,12,10,3,10,7.8,219,0,0,0,162,34,4.8,4,3,6,67,0,1719,28,17,2,1,12,107.3,2,2,2,3,4,3,142,8,14,0,0,-6
26,0,60,0,0,0,0,0,0,9,6,1,11,3.5,207,0,0,0,155,35,4.4,5,1,1,15,0,2009,32,19,0,6,45,51,0,0,0,0,0,6,297,1,13,3,6,1
9,1,55,1,2,1,1,3,0,6,8,0,10,4.3,137,0,0,0,113,29,3.9,3,0,3,15,0,1884,32,20,0,3,22,69.1,0,3,3,0,0,6,330,6,16,0,0,-1
15,0,88,0,0,0,0,0,0,8,5,3,12,5.8,198,3,0,3,104,22,4.7,3,0,6,45,0,1880,34,16,0,3,17,26.7,0,5,5,0,0,3,107,2,12,0,0,-2
17,1,76,0,0,0,0,0,0,8,4,2,11,4.6,153,0,1,1,100,19,5.3,3,1,6,35,0,1631,33,22,1,4,14,85.3,0,3,3,0,0,5,239,4,14,1,1,0
18,0,68,0,0,0,0,0,0,13,5,3,12,5.9,259,1,0,1,95,26,3.7,3,2,11,90,0,1955,44,22,1,1,14,65.1,1,1,1,1,1,4,153,8,18,1,3,1
26,1,86,0,0,0,0,0,0,13,6,2,11,7.5,246,1,0,1,114,33,3.5,4,3,11,91,0,1871,33,25,3,1,7,113.1,0,2,2,2,2,4,190,8,15,0,0,2
0,0,61,1,2,1,1,3,0,4,1,3,14,4.3,132,2,1,3,45,18,2.5,0,0,5,30,0,1226,31,15,0,2,21,30.4,0,0,1,0,0,8,353,1,14,0,2,-1
20,0,69,0,0,0,0,0,0,9,7,3,12,7.4,199,1,0,1,120,31,3.9,4,2,3,29,0,1707,27,13,2,2,22,78.8,0,2,2,2,2,5,237,4,11,0,0,-2
31,0,77,0,0,0,0,0,0,9,7,2,12,5.5,223,0,2,2,113,26,4.3,2,2,5,42,1,1430,55,33,1,1,6,72.9,1,3,4,1,1,4,169,3,18,4,6,1
27,0,51,0,0,0,0,0,0,10,6,3,12,5.2,213,1,0,1,164,24,6.8,3,2,6,30,0,1791,41,23,2,2,6,76,1,2,2,3,3,5,258,7,16,1,1,-1
17,0,70,0,0,0,0,0,0,13,7,0,11,7.3,220,3,2,5,156,32,4.9,4,2,8,71,0,1840,30,18,2,2,8,64.2,0,1,2,2,2,2,95,6,12,1,1,-2
27,0,52,0,0,0,0,0,0,12,8,3,12,7.9,268,0,0,0,125,33,3.8,3,2,5,35,0,1986,34,23,1,1,5,100.5,2,2,3,3,3,6,258,6,15,0,0,1
24,1,49,0,0,0,0,0,0,9,15,1,9,8,168,2,0,2,228,41,5.6,2,1,5,35,1,1706,21,13,1,0,0,63.3,1,1,1,3,3,2,91,4,8,0,1,2
33,0,64,0,0,0,0,0,0,9,7,2,12,8.5,213,0,0,0,142,30,4.7,5,3,6,45,0,1670,25,16,2,1,8,116.2,2,2,2,3,3,5,254,6,13,0,0,-1
6,1,56,0,0,0,0,0,0,4,11,1,12,3.8,137,0,2,2,204,39,5.2,2,0,4,27,0,2090,36,13,0,4,38,44.7,0,2,3,0,0,2,86,8,20,1,7,-2
6,0,57,0,0,0,0,0,0,7,3,2,9,5,190,0,0,0,60,16,3.8,0,0,5,32,0,1593,38,22,0,7,57,64.9,0,2,2,0,0,5,238,2,16,3,5,-3
30,0,65,0,0,0,0,0,0,18,4,1,10,9.6,328,0,0,0,133,32,4.2,6,3,3,25,0,2058,34,24,2,1,3,120.3,1,3,4,3,3,2,46,4,12,1,1,1
13,1,67,0,0,0,0,0,0,10,1,2,12,9.4,309,2,2,4,57,15,3.8,0,0,5,38,0,1402,33,22,2,2,17,89.5,0,0,0,1,1,5,207,2,8,1,1,2
17,1,54,0,0,0,0,0,0,11,3,0,13,9.4,318,2,1,3,78,25,3.1,3,1,8,75,0,1570,34,25,2,1,7,96.6,0,1,1,2,2,5,254,4,11,0,1,-1
17,0,67,0,0,0,0,0,0,15,2,1,11,7.8,344,1,2,3,41,17,2.4,3,1,6,45,0,1761,44,33,2,2,16,101.3,0,1,1,2,2,5,257,6,14,0,0,1
17,0,87,0,0,0,0,0,0,9,5,0,10,7.3,211,2,0,2,67,16,4.2,1,1,5,28,0,1444,29,16,1,6,42,55.1,1,1,1,2,2,5,232,6,13,0,0,0
25,0,87,0,0,0,0,0,0,13,12,2,10,7.5,277,2,0,2,201,40,5,5,1,3,20,0,2335,37,23,1,1,6,70.9,1,3,3,2,2,1,38,10,16,2,3,1
9,1,86,0,0,0,0,0,0,9,4,3,11,3.6,140,1,2,3,70,19,3.7,2,0,7,58,0,1729,39,24,0,3,13,56.3,0,3,3,0,0,4,162,5,14,1,2,2
20,0,77,1,2,1,1,3,0,16,2,1,11,8,353,0,0,0,40,22,1.8,2,0,5,35,0,2190,44,30,2,3,13,106.2,0,2,3,2,2,4,180,9,16,0,0,-1
16,1,81,0,0,0,0,0,0,9,10,1,10,10,250,0,3,3,156,38,4.1,5,1,9,60,0,1799,25,19,0,1,5,106.2,1,3,3,1,1,3,134,7,13,0,0,1
24,0,66,0,0,0,0,0,0,16,8,1,11,8.1,324,1,0,1,115,26,4.4,4,2,9,86,0,1917,40,31,2,2,12,105.4,1,1,1,3,3,4,180,7,13,0,1,-1
39,0,79,0,0,0,0,0,0,22,2,2,12,11.2,470,0,1,1,53,17,3.1,4,3,9,115,0,1720,42,30,5,3,27,145.1,0,2,2,1,1,3,174,3,11,1,1,-2
6,0,84,0,0,0,0,0,0,10,2,2,11,5.1,199,1,0,1,42,16,2.6,2,0,5,35,0,1700,39,19,0,4,32,49.8,0,2,3,0,0,4,227,6,15,0,2,-3
27,0,63,0,0,0,0,0,0,14,7,1,10,13.3,333,0,0,0,115,30,3.8,4,2,7,66,0,1851,25,21,3,4,28,157.1,0,2,2,3,3,3,153,4,10,0,1,-4
27,0,38,0,0,0,0,0,0,13,12,1,11,6.1,251,1,0,1,155,27,5.7,5,3,5,40,0,1881,41,24,0,2,12,65,3,2,3,3,3,2,94,2,11,3,4,1
18,1,77,0,0,0,0,0,0,7,7,1,13,5.7,178,1,0,1,133,34,3.9,3,2,7,62,0,2022,31,15,0,4,29,49,2,1,1,1,1,8,367,3,15,1,3,-1
25,1,59,0,0,0,0,0,0,15,6,2,13,8.7,347,1,0,1,96,26,3.7,3,2,2,10,0,1700,40,26,1,3,9,89.4,2,1,3,2,2,4,180,5,13,1,1,-2
20,0,41,0,0,0,0,0,0,13,4,1,9,7.3,284,0,1,1,60,17,3.5,5,2,4,31,0,1853,39,29,2,2,23,109,0,2,2,2,2,2,94,6,12,0,2,1
12,0,72,0,0,0,0,0,0,17,4,2,10,8.1,286,2,2,4,37,13,2.8,3,2,2,20,0,1373,35,26,2,2,18,114.6,1,3,3,3,3,2,101,10,19,1,2,2
23,1,67,0,0,0,0,0,0,13,6,1,12,6.1,208,0,0,0,108,35,3.1,3,1,5,31,0,2198,34,25,2,1,6,107.7,0,3,3,2,2,6,268,8,18,0,0,3
0,1,55,1,2,1,1,3,0,2,8,1,9,5.2,94,0,2,2,131,29,4.5,0,0,3,20,0,1716,18,11,0,3,26,68.7,0,0,1,0,0,6,246,2,12,2,2,4
9,0,67,0,0,0,0,0,0,9,3,1,11,7.1,250,0,0,0,42,15,2.8,2,1,6,54,0,1557,35,25,1,3,16,99,0,1,1,0,0,4,188,0,9,0,2,-1
31,0,26,1,2,1,1,3,0,18,5,3,12,6.7,287,0,0,0,114,26,4.4,4,3,3,17,0,1920,43,30,2,2,10,102.6,2,1,1,4,4,5,218,6,14,1,1,1
20,0,75,0,0,0,0,0,0,10,7,4,13,6.5,202,1,2,3,92,28,3.3,5,2,8,70,0,1884,31,19,1,6,46,71.4,1,2,2,2,2,6,266,4,12,0,0,2
31,0,93,0,0,0,0,0,0,15,10,1,10,8.7,321,1,0,1,127,27,4.7,5,4,9,75,0,1763,37,26,2,3,9,102.5,2,1,1,4,4,3,111,7,12,1,1,0
16,0,93,0,0,0,0,0,0,11,12,3,8,6.2,249,1,0,1,185,33,5.6,5,1,13,107,0,2073,40,25,1,2,18,76.1,0,3,3,1,1,2,102,9,16,0,1,-1
35,1,76,0,0,0,0,0,0,17,10,3,8,13.5,283,0,0,0,124,31,4,5,5,4,21,0,1754,21,20,1,1,12,134.6,4,0,0,5,5,1,45,3,5,1,1,-2
34,0,97,0,0,0,0,0,0,19,7,1,12,6.9,317,1,0,1,93,30,3.1,5,2,4,40,1,2290,46,36,3,3,30,105.3,0,2,2,4,4,3,145,5,14,0,3,1
26,1,81,0,0,0,0,0,0,7,9,1,10,9.4,226,0,1,1,179,28,6.4,5,2,6,59,0,1770,24,15,1,3,23,103.3,1,4,4,2,2,4,186,4,12,0,0,-1
20,1,55,0,0,0,0,0,0,11,6,1,10,9.1,219,1,2,3,115,32,3.6,3,1,5,32,0,1832,24,18,2,2,16,110.2,0,2,2,2,2,3,143,7,13,0,0,-2
31,0,75,0,0,0,0,0,0,8,9,4,12,5.8,157,0,0,0,130,29,4.5,4,4,6,45,0,1779,27,18,1,4,19,91.3,3,1,2,4,4,5,242,4,11,0,0,-3
27,0,56,0,0,0,0,0,0,9,7,1,14,7.3,219,0,0,0,113,40,2.8,4,3,6,65,0,2185,30,19,2,1,6,106.7,1,2,3,3,3,7,410,6,17,1,2,-4
23,0,81,0,0,0,0,0,0,5,11,4,10,4.5,94,0,0,0,184,41,4.5,4,3,4,43,0,1902,21,12,1,3,24,79.5,2,1,1,2,2,4,203,7,14,1,2,-5
21,0,72,0,0,0,0,0,0,18,4,0,11,8.9,338,3,0,3,111,25,4.4,4,1,3,19,0,1875,38,28,2,4,30,81.9,1,0,1,3,3,2,94,9,13,0,1,-6
37,1,68,0,0,0,0,0,0,16,9,0,10,6.9,229,1,0,1,228,33,6.9,5,4,5,23,0,2092,33,25,4,0,0,121.1,1,1,2,4,5,2,73,6,12,2,2,1
10,0,58,0,0,0,0,0,0,13,4,1,10,6.9,187,0,1,1,130,31,4.2,3,1,9,77,0,2000,27,18,1,0,0,98.8,0,1,2,1,1,4,179,4,11,0,1,-1
45,1,75,0,0,0,0,0,0,12,9,3,10,9.4,262,0,0,0,144,26,5.5,4,4,1,5,1,1549,28,18,4,0,0,134.2,1,1,1,6,6,2,96,4,7,0,0,-2
27,0,56,0,0,0,0,0,0,8,13,1,11,6.3,170,1,0,1,250,39,6.4,5,3,5,35,0,2072,27,15,1,1,0,71.5,2,2,2,3,3,5,260,8,15,0,0,1
31,0,48,0,0,0,0,0,0,11,5,1,7,7.7,184,1,0,1,91,23,4,2,2,4,49,1,1221,24,19,3,0,0,120.8,0,1,1,4,4,2,117,4,9,1,1,-1
21,1,48,0,0,0,0,0,0,8,9,1,9,6.8,189,0,0,0,138,25,5.5,3,1,0,0,0,1437,28,16,2,0,0,101.6,0,2,2,1,1,5,258,6,12,0,0,-2
13,1,74,0,0,0,0,0,0,7,3,3,9,4.3,112,0,0,0,85,18,4.7,2,1,12,130,0,1237,26,16,1,2,17,81.4,0,2,3,1,1,4,236,2,9,0,0,1
30,1,70,0,0,0,0,0,0,11,8,2,10,8.2,206,0,0,0,159,28,5.7,5,3,6,57,0,1609,25,17,0,1,0,93.1,3,3,3,3,3,4,197,2,9,0,0,0
19,0,68,0,0,0,0,0,0,12,5,2,13,5.3,259,1,0,1,67,23,2.9,1,1,7,49,0,2160,49,26,0,2,17,58.4,1,4,5,1,1,5,211,5,17,1,1,1
23,0,73,0,0,0,0,0,0,13,12,3,8,8,303,1,0,1,159,39,4.1,6,2,3,35,0,2275,38,25,1,1,8,87.1,1,3,3,2,2,1,41,13,18,0,1,-2
9,1,81,0,0,0,0,0,0,12,6,2,12,5.7,235,1,1,2,130,30,4.3,3,0,5,36,0,1830,41,21,0,2,20,56.5,0,3,3,0,0,3,134,6,16,2,4,1
24,0,73,0,0,0,0,0,0,9,8,0,11,9.2,230,0,0,0,86,29,3,3,3,8,76,0,2056,25,17,0,2,16,94.4,3,1,1,3,3,5,218,4,12,1,1,-1
43,0,45,0,0,0,0,0,0,16,6,2,11,9,307,1,0,1,102,26,3.9,4,2,4,21,1,2128,34,27,4,3,22,128.6,0,2,2,5,5,2,93,6,12,1,1,1
20,0,51,0,0,0,0,0,0,10,10,1,12,8.8,228,0,2,2,184,38,4.8,4,1,8,57,0,2116,26,20,1,4,21,112.2,1,2,3,2,2,4,174,7,14,1,1,-1
16,1,72,0,0,0,0,0,0,12,3,1,11,5.9,236,1,0,1,68,21,3.2,2,1,12,130,0,1926,40,24,1,2,13,73.2,0,3,4,1,1,4,202,5,15,2,2,-2
14,1,68,0,0,0,0,0,0,11,5,3,11,5.7,256,0,0,0,73,15,4.9,2,2,5,34,0,1508,45,27,1,4,37,79.8,1,0,1,0,0,5,228,6,17,2,3,-3
19,0,67,0,0,0,0,0,0,10,9,1,12,5.8,254,1,0,1,87,23,3.8,2,1,7,86,0,2043,44,23,2,2,14,74.1,0,2,2,1,2,5,236,7,16,0,2,1
20,0,73,0,0,0,0,0,0,9,3,2,12,6.3,226,1,0,1,79,21,3.8,3,2,3,28,0,1447,36,19,3,1,8,87.5,0,0,0,2,3,5,203,3,14,3,5,3
22,0,65,0,0,0,0,0,0,16,2,0,10,8,319,1,0,1,35,16,2.2,1,1,3,20,0,1542,40,27,3,2,15,104.6,0,0,0,2,2,2,71,5,11,0,3,-1
25,0,46,0,0,0,0,0,0,8,7,2,13,7.8,319,1,0,1,105,20,5.3,2,0,6,65,1,1789,41,27,1,6,35,83.8,1,2,3,1,2,5,222,5,16,1,3,1
20,1,53,0,0,0,0,0,0,10,9,1,8,7.3,189,0,1,1,125,29,4.3,3,3,5,78,0,1740,26,16,1,3,14,94.2,2,0,1,2,3,3,144,5,10,1,1,2
24,0,3,0,0,0,0,0,0,16,6,1,8,10.3,277,0,0,0,79,25,3.2,3,3,5,34,0,1795,27,22,1,3,22,118.4,2,1,1,3,3,3,148,3,9,1,1,3
7,0,69,0,0,0,0,0,0,9,3,3,11,5,232,2,0,2,41,10,4.1,2,1,6,60,0,1357,46,31,1,5,34,65.3,0,0,0,1,1,6,254,5,15,1,3,4
23,1,70,0,0,0,0,0,0,17,9,2,10,5.6,307,2,0,2,89,22,4,3,2,6,55,0,1991,55,34,1,1,10,67,1,3,3,2,2,2,108,7,14,1,2,0
12,0,76,0,0,0,0,0,0,6,2,2,10,4.2,137,1,0,1,29,11,2.6,1,1,6,37,0,1250,33,22,0,2,16,60.3,1,2,2,0,0,6,316,3,12,0,0,1
16,1,76,0,0,0,0,0,0,13,7,3,7,6.5,265,0,0,0,105,25,4.2,3,2,9,55,0,1846,41,28,2,1,8,101.4,0,1,1,1,1,3,117,8,15,2,3,2
10,0,79,0,0,0,0,0,0,5,3,0,13,6.2,161,3,1,4,57,19,3,0,0,6,60,0,1375,26,16,1,4,21,49,0,1,1,1,1,5,254,4,11,0,1,3
19,0,55,1,2,1,1,3,0,6,10,2,13,5.6,192,2,0,2,160,34,4.7,2,1,13,119,0,1983,34,18,0,2,18,43,1,4,5,1,1,4,218,3,13,1,1,4
22,0,60,0,0,0,0,0,0,18,3,3,9,8.4,378,1,0,1,74,21,3.5,2,0,5,35,0,2096,45,35,2,0,0,107.2,0,3,4,1,2,1,42,8,13,0,0,5
31,0,73,0,0,0,0,0,0,17,10,2,10,8.8,283,0,1,1,134,27,5,5,4,1,15,0,1883,32,28,3,3,17,132.6,1,1,2,4,4,3,140,3,8,0,0,-1
3,0,62,0,0,0,0,0,0,7,2,3,10,10.8,171,2,2,4,59,17,3.5,2,0,5,39,0,1609,28,20,3,2,9,140.9,1,2,2,4,4,3,141,4,12,1,2,1
14,0,63,0,0,0,0,0,0,14,7,1,10,5.5,246,1,1,2,66,18,3.7,4,2,3,19,0,1749,45,29,1,4,25,74.4,1,0,0,2,2,3,144,7,14,1,3,-1
13,1,43,0,0,0,0,0,0,6,8,0,10,6.7,180,1,1,2,88,21,4.2,1,0,5,39,1,1470,27,18,0,6,48,62.6,0,2,3,1,1,5,231,3,11,0,1,2
19,0,53,0,0,0,0,0,0,19,2,2,9,6.5,314,0,0,0,46,18,2.6,4,2,7,47,0,1899,48,28,1,3,27,82.6,1,2,2,1,1,3,152,8,15,1,2,3
16,1,59,0,0,0,0,0,0,11,4,2,12,8.7,269,2,0,2,70,20,3.5,1,0,5,39,0,1845,31,22,2,4,15,90,0,1,1,1,1,6,311,2,11,0,1,4
29,1,75,0,0,0,0,0,0,11,11,0,10,5.4,211,2,0,2,234,30,7.8,3,2,4,28,0,2051,39,26,1,3,9,66.4,2,3,3,2,2,2,112,7,16,3,4,5
33,0,57,0,0,0,0,0,0,14,4,5,12,7.2,252,0,0,0,102,26,3.9,6,3,6,67,0,1874,35,23,2,2,11,104.6,1,4,4,3,3,3,130,4,11,1,1,6
10,0,51,0,0,0,0,0,0,6,5,1,9,6,169,2,0,2,62,14,4.4,2,1,5,40,0,1307,28,17,1,1,6,59.1,0,1,1,1,1,3,156,3,9,0,1,7
21,1,53,0,0,0,0,0,0,11,7,1,9,6.8,163,1,0,1,109,36,3,3,3,2,8,0,1860,24,17,2,2,14,97.4,1,0,0,1,2,2,96,9,15,3,4,-1
21,0,58,0,1,0,1,1,1,10,7,3,10,5.7,194,2,0,2,136,28,4.9,5,2,1,5,0,1819,34,21,2,0,0,72.4,0,2,3,1,1,1,42,7,13,0,1,1
31,0,70,0,0,0,0,0,0,16,11,1,10,6.7,273,0,1,1,182,29,6.3,4,3,2,15,0,1668,41,25,1,2,13,87.4,3,1,1,4,4,2,108,6,12,1,3,-1
30,1,74,0,0,0,0,0,0,17,8,2,9,8.8,334,0,0,0,92,40,2.3,3,3,7,53,0,2363,38,24,0,0,0,91.3,3,3,5,3,3,1,45,11,17,1,1,2
27,0,60,0,0,0,0,0,0,17,3,3,12,6.2,361,0,0,0,44,14,3.1,2,2,13,82,0,1772,58,34,2,3,27,86.4,1,2,3,3,3,5,246,10,19,0,1,-1
3,0,67,0,0,0,0,0,0,9,7,1,12,6,203,2,1,3,112,29,3.9,1,0,6,45,0,2160,34,27,0,11,67,58.8,0,1,1,0,0,5,268,6,16,2,4,-2
17,0,56,0,0,0,0,0,0,10,3,2,11,5.3,185,1,0,1,46,15,3.1,2,2,5,43,0,1559,35,24,2,3,17,86.4,0,1,1,2,2,6,274,3,11,0,0,-3
10,1,55,0,0,0,0,0,0,7,6,2,11,4.4,150,0,0,0,127,25,5.1,1,0,7,59,0,1768,34,20,0,4,28,66.1,1,1,2,1,1,5,240,5,15,0,3,-4
20,0,50,0,0,0,0,0,0,10,9,4,12,8,257,2,1,3,155,40,3.9,4,2,9,92,0,2200,32,16,1,3,27,58.1,1,2,2,2,2,3,142,6,15,0,1,1
37,0,74,0,0,0,0,0,0,11,16,2,12,6.8,225,0,2,2,298,41,7.3,6,3,3,11,0,2404,33,26,1,1,8,104.2,3,3,3,4,4,2,113,6,13,1,2,-1
26,0,51,0,1,0,1,1,1,13,3,0,11,7.1,312,0,1,1,68,14,4.9,1,1,6,39,0,1773,44,29,3,3,24,107,0,2,2,2,3,5,227,7,15,1,1,-2
17,1,72,0,0,0,0,0,0,9,6,5,11,6.1,190,1,0,1,82,27,3,4,2,9,92,0,1674,31,17,1,1,5,70,1,1,1,2,2,5,263,2,9,0,1,1
31,1,43,0,0,0,0,0,0,10,12,1,12,6.7,209,1,0,1,169,33,5.1,4,3,3,20,0,2130,31,21,1,1,1,83.8,3,1,1,4,4,5,199,5,11,0,0,-1
41,0,61,0,0,0,0,0,0,19,8,6,11,7.3,299,0,0,0,136,34,4,8,4,9,127,0,2187,41,29,3,4,24,113.4,1,4,4,3,3,0,0,8,14,1,2,1
28,1,59,0,0,0,0,0,0,12,7,0,12,13.6,368,1,1,2,173,23,7.5,2,2,5,30,0,1755,27,19,2,3,14,122.1,2,0,0,4,4,5,246,6,11,0,0,2
17,0,46,0,1,0,1,1,1,9,13,1,10,4.6,143,2,0,2,178,38,4.7,3,2,5,40,0,1978,31,17,0,0,0,40.1,2,1,1,2,2,5,248,9,16,1,1,3
17,0,66,0,0,0,0,0,0,10,10,3,8,6.1,164,0,0,0,162,31,5.2,3,2,10,97,0,2031,27,19,1,6,39,92.4,1,1,1,2,2,3,117,6,12,1,1,4
30,0,51,0,1,0,1,1,1,11,14,0,10,11.4,274,0,0,0,202,46,4.4,7,3,2,10,0,2253,24,18,0,1,8,110.8,3,3,3,3,3,1,46,6,13,2,3,-1
20,1,48,0,0,0,0,0,0,11,13,0,9,8.7,262,0,0,0,206,38,5.4,3,1,5,27,0,2163,30,22,1,1,2,110.4,1,2,4,2,2,3,152,5,13,2,2,-2